PID,area,price,MS.SubClass,MS.Zoning,Lot.Frontage,Lot.Area,Street,Alley,Lot.Shape,Land.Contour,Utilities,Lot.Config
903202170,1654,137000,70,RL,50,4960,Pave,NA,Reg,Lvl,AllPub,Inside
909427230,2340,266500,70,RL,66,9042,Pave,NA,Reg,Lvl,AllPub,Inside
908102320,1466,149900,20,RL,134,17755,Pave,NA,Reg,Lvl,AllPub,Inside
923203190,1224,165000,120,RM,NA,4500,Pave,NA,Reg,Lvl,AllPub,FR2
531451030,1575,179200,120,RL,50,8012,Pave,NA,Reg,Lvl,AllPub,Inside
533130020,1923,190000,60,RL,107,10186,Pave,NA,IR1,Lvl,AllPub,Inside
905452110,1531,127000,50,RL,50,9350,Pave,NA,Reg,Bnk,AllPub,Inside
535453070,1246,154000,20,RL,75,7500,Pave,NA,Reg,Lvl,AllPub,Inside
902401030,1616,152000,40,RM,40,5400,Pave,Pave,Reg,Lvl,AllPub,Corner
535402010,2544,190000,90,RL,81,9671,Pave,NA,Reg,Lvl,AllPub,Corner
906420130,2097,228000,60,RL,59,11228,Pave,NA,IR2,Lvl,AllPub,CulDSac
923275200,816,124500,20,RL,76,8314,Pave,NA,Reg,Lvl,AllPub,Corner
531451110,923,143000,120,RL,50,8012,Pave,NA,Reg,Lvl,AllPub,Inside
528240020,1720,183500,60,RL,62,8244,Pave,NA,IR1,Lvl,AllPub,Inside
534204120,1073,156000,20,RL,79,10289,Pave,NA,Reg,Lvl,AllPub,Inside
535152200,1176,136500,20,RL,74,8856,Pave,NA,Reg,Lvl,AllPub,Inside
527452190,1069,127500,120,RL,53,4043,Pave,NA,Reg,Lvl,AllPub,Inside
528363130,2622,325000,60,RL,98,12256,Pave,NA,IR1,Lvl,AllPub,Corner
909103020,1273,121000,50,RL,76,11388,Pave,NA,Reg,Low,AllPub,Inside
527132090,1478,240000,120,RL,61,7380,Pave,NA,IR1,Lvl,AllPub,Corner
534128090,1610,185000,20,RL,108,11358,Pave,NA,IR1,Lvl,AllPub,Corner
534431130,960,122000,20,RL,68,9768,Pave,NA,Reg,Lvl,AllPub,Inside
527106150,1638,192000,60,RL,59,9042,Pave,NA,IR1,Lvl,AllPub,Inside
909179020,3082,197000,75,RL,102,15863,Pave,NA,Reg,Lvl,AllPub,Corner
535451190,1040,109500,20,RL,60,7200,Pave,NA,Reg,Lvl,AllPub,Inside
535383100,1294,106250,190,RL,60,10800,Pave,Grvl,Reg,Lvl,AllPub,Inside
905451050,1488,135000,20,RL,80,12048,Pave,NA,Reg,Lvl,AllPub,Inside
535301060,1154,142000,20,RL,60,11556,Pave,NA,Reg,Lvl,AllPub,Inside
527359010,1743,175000,60,RL,90,11700,Pave,NA,Reg,Lvl,AllPub,Inside
527450080,1365,125500,160,RM,24,2160,Pave,NA,Reg,Lvl,AllPub,Inside
528175060,1314,230000,120,RL,34,5001,Pave,NA,IR1,Lvl,AllPub,Inside
534126090,1682,174000,20,RL,80,10400,Pave,NA,Reg,Lvl,AllPub,Inside
923228150,1344,97000,160,RM,21,1533,Pave,NA,Reg,Lvl,AllPub,Inside
528366040,2799,315000,60,RL,NA,12585,Pave,NA,IR1,Lvl,AllPub,Inside
905201030,756,85000,30,RL,94,9259,Pave,NA,Reg,Lvl,AllPub,Corner
916402015,1495,150000,20,RL,75,12890,Pave,NA,IR1,Lvl,AllPub,Inside
905452070,864,99600,90,RL,50,9350,Pave,NA,Reg,Lvl,AllPub,Inside
923225310,988,105000,180,RM,21,1974,Pave,NA,Reg,Lvl,AllPub,Inside
527327080,1574,190000,60,RL,NA,18800,Pave,NA,IR1,Lvl,AllPub,FR2
534403080,1265,179900,80,RL,85,9350,Pave,NA,Reg,Lvl,AllPub,Inside
528290120,1800,179000,60,RL,60,8123,Pave,NA,IR1,Lvl,AllPub,Inside
533213130,1501,176500,160,FV,24,2280,Pave,Pave,Reg,Lvl,AllPub,Inside
527165020,1472,160000,80,RL,NA,10784,Pave,NA,IR1,Lvl,AllPub,FR2
923252075,1091,131250,80,RL,62,7706,Pave,NA,Reg,Lvl,AllPub,Inside
923275040,1110,165500,85,RL,NA,9101,Pave,NA,IR1,Lvl,AllPub,Corner
527356050,1620,152000,60,RL,80,10793,Pave,NA,Reg,Lvl,AllPub,Inside
908102130,1664,100000,90,RL,75,9825,Pave,NA,Reg,Lvl,AllPub,Inside
916253320,1502,330000,120,RM,NA,9763,Pave,NA,IR1,Lvl,AllPub,Inside
909131125,1928,160000,190,RH,NA,7082,Pave,NA,Reg,Lvl,AllPub,Inside
535150280,1144,124000,20,RL,71,9204,Pave,NA,Reg,Lvl,AllPub,Inside
906385010,1226,198900,20,RL,94,10402,Pave,NA,IR1,Lvl,AllPub,Corner
902305080,2058,129500,75,RM,60,9600,Pave,Grvl,Reg,Lvl,AllPub,Inside
527158090,1694,160000,80,RL,NA,10147,Pave,NA,IR1,Lvl,AllPub,CulDSac
908228010,865,108500,40,RL,62,10042,Pave,NA,Reg,Bnk,AllPub,Corner
531477020,841,82000,20,RH,60,8400,Pave,NA,Reg,Lvl,AllPub,Inside
527455250,988,129250,20,RL,65,7150,Pave,NA,Reg,Lvl,AllPub,Inside
532354160,864,141000,20,RL,NA,8499,Pave,NA,IR1,Lvl,AllPub,Corner
534127190,2156,262500,20,RL,NA,20781,Pave,NA,IR2,Lvl,AllPub,CulDSac
533252040,1694,318750,20,RL,NA,14694,Pave,NA,IR1,Lvl,AllPub,Inside
907200110,938,130250,20,RL,NA,9200,Pave,NA,IR1,Lvl,AllPub,CulDSac
528138020,1822,259000,20,RL,79,14122,Pave,NA,IR1,Lvl,AllPub,Inside
905106150,894,129000,20,RL,109,8724,Pave,NA,Reg,Lvl,AllPub,Inside
907290210,848,140000,120,RM,NA,4435,Pave,NA,Reg,Lvl,AllPub,Inside
908152110,1398,160500,60,RL,72,7200,Pave,NA,Reg,Lvl,AllPub,Inside
533253180,1295,213750,120,RL,40,3840,Pave,NA,IR1,Lvl,AllPub,Inside
527163130,1516,181316,60,RL,NA,8803,Pave,NA,IR1,Lvl,AllPub,Inside
905109170,1483,270000,20,RL,NA,20062,Pave,NA,IR1,Low,AllPub,Inside
914475020,1118,171000,80,RL,76,9880,Pave,NA,Reg,Lvl,AllPub,Inside
906230020,2787,269500,90,RL,NA,7939,Pave,NA,Reg,Lvl,AllPub,Inside
535378020,792,109500,30,RL,52,9022,Pave,NA,Reg,Lvl,AllPub,Inside
532476050,2646,260000,80,RL,100,14330,Pave,NA,IR1,Low,AllPub,Corner
902325100,2104,155000,75,RM,70,6300,Pave,NA,Reg,Lvl,AllPub,Corner
527302185,2064,235000,20,RL,56,18559,Pave,NA,IR1,Lvl,AllPub,CulDSac
903455030,1308,120000,50,RM,NA,10320,Pave,Grvl,Reg,Lvl,AllPub,Inside
534252270,1978,176000,60,RL,NA,9900,Pave,NA,Reg,Lvl,AllPub,Inside
904301410,1032,125000,30,RL,55,8250,Pave,NA,Reg,Lvl,AllPub,Inside
534402140,1154,154000,20,RL,NA,11000,Pave,NA,IR1,Lvl,AllPub,CulDSac
916403200,2237,204000,60,RL,NA,9839,Pave,NA,IR1,Lvl,AllPub,CulDSac
528150090,1780,378000,20,RL,131,14828,Pave,NA,IR1,Lvl,AllPub,Corner
909251050,1232,147500,30,RL,64,8574,Pave,NA,Reg,Lvl,AllPub,Inside
902110010,967,99900,30,RM,56,3153,Pave,Grvl,Reg,Lvl,AllPub,Inside
903227150,1453,132000,50,RM,53,6360,Pave,NA,Reg,Lvl,AllPub,Corner
535105090,1431,165000,80,RL,101,9150,Pave,NA,IR1,Lvl,AllPub,Corner
535425080,2448,277500,60,RL,NA,18275,Pave,NA,IR1,HLS,AllPub,Inside
906230030,2787,269500,90,RL,NA,7976,Pave,NA,Reg,Lvl,AllPub,Inside
903455090,1360,125500,50,RM,60,7200,Pave,NA,Reg,Lvl,AllPub,Corner
902106140,1028,115000,30,RM,56,8960,Pave,Grvl,Reg,Lvl,AllPub,Inside
905402070,1383,122000,20,RL,NA,15635,Pave,NA,IR1,Lvl,AllPub,CulDSac
534403100,1350,168500,80,RL,82,9020,Pave,NA,Reg,Lvl,AllPub,Corner
907192090,1573,227000,20,RL,67,9808,Pave,NA,IR1,Lvl,AllPub,Inside
908102020,1436,98000,70,RL,67,8777,Pave,NA,Reg,Bnk,AllPub,Inside
907412040,1445,186500,20,RL,75,9750,Pave,NA,Reg,Lvl,AllPub,Inside
528102140,2772,462000,60,RL,110,14257,Pave,NA,Reg,Lvl,AllPub,Inside
902327070,2007,160000,70,RM,70,8400,Pave,NA,Reg,Lvl,AllPub,Corner
527455280,1120,148800,20,RL,NA,10710,Pave,NA,Reg,Lvl,AllPub,Inside
908127040,960,94750,20,RL,73,10921,Pave,NA,Reg,HLS,AllPub,Inside
535457040,1800,141000,90,RL,80,8000,Pave,NA,Reg,Lvl,AllPub,Corner
528110110,2464,417500,20,RL,105,13693,Pave,NA,Reg,Lvl,AllPub,Inside
535151160,1283,140000,20,RL,70,7763,Pave,NA,Reg,Lvl,AllPub,Inside
532377100,1040,133000,20,RL,75,7500,Pave,NA,Reg,Lvl,AllPub,Corner
907262080,1909,197000,60,RL,70,8726,Pave,NA,Reg,Lvl,AllPub,Inside
528235120,1593,193000,60,RL,62,7415,Pave,NA,IR1,Lvl,AllPub,Inside
923250060,1126,160000,20,RL,80,17400,Pave,NA,Reg,Low,AllPub,Inside
528348030,2385,252000,60,RL,83,10790,Pave,NA,Reg,Lvl,AllPub,Inside
909254050,1512,231000,70,RL,54,7609,Pave,NA,Reg,Lvl,AllPub,Corner
903201090,1060,136500,40,RL,55,6854,Pave,NA,Reg,Bnk,AllPub,Inside
527401160,1792,136000,90,RL,60,9000,Pave,NA,Reg,Lvl,AllPub,FR2
528477020,1656,249700,20,FV,84,11096,Pave,NA,Reg,Lvl,AllPub,Inside
904350045,919,95000,50,RL,65,6001,Pave,NA,IR1,Bnk,AllPub,Inside
528120110,2098,275500,60,RL,80,10240,Pave,NA,Reg,Lvl,AllPub,Inside
534476080,1150,144000,20,RL,80,9600,Pave,NA,Reg,Lvl,AllPub,Inside
905451330,1509,159900,20,RL,68,9571,Pave,NA,Reg,Lvl,AllPub,Inside
533206040,1143,176400,120,FV,34,3628,Pave,Pave,Reg,Lvl,AllPub,Inside
909256020,1288,112000,50,RL,51,6191,Pave,NA,Reg,Lvl,AllPub,Corner
535102010,1280,175000,85,RL,NA,10050,Pave,NA,IR1,Lvl,AllPub,Inside
531367050,2084,233000,60,RL,76,10142,Pave,NA,IR1,Lvl,AllPub,Inside
532378240,902,125500,20,RL,NA,6173,Pave,NA,IR1,Lvl,AllPub,Inside
905201020,960,144900,20,RL,94,9239,Pave,NA,Reg,Lvl,AllPub,Inside
909251170,1608,137450,50,RL,51,6171,Pave,NA,Reg,Lvl,AllPub,Inside
527166040,1465,180400,60,RL,63,8402,Pave,NA,IR1,Lvl,AllPub,Inside
533213120,1549,172900,160,FV,24,2280,Pave,Pave,Reg,Lvl,AllPub,Inside
909252220,1264,147500,50,RL,63,15564,Pave,NA,Reg,Lvl,AllPub,Inside
534127260,1295,164000,20,RL,130,11700,Pave,NA,Reg,Lvl,AllPub,Corner
533135020,1755,235000,60,RL,NA,11949,Pave,NA,Reg,Lvl,AllPub,Inside
909252170,1436,141500,70,RL,53,6720,Pave,NA,Reg,Lvl,AllPub,Inside
527453140,1055,123000,120,RL,24,2280,Pave,NA,Reg,Lvl,AllPub,FR2
535302070,948,125000,20,RL,60,10950,Pave,NA,Reg,Lvl,AllPub,Inside
909451150,1556,151000,160,RM,24,1950,Pave,NA,Reg,Lvl,AllPub,Inside
905352070,1524,245000,20,RL,82,20270,Pave,NA,IR1,Lvl,AllPub,CulDSac
527184020,1179,182000,120,RL,38,4740,Pave,NA,IR1,Lvl,AllPub,Inside
528186160,1342,234250,120,RL,48,6240,Pave,NA,Reg,Lvl,AllPub,Inside
905200290,1803,155000,20,RL,88,13125,Pave,NA,Reg,Lvl,AllPub,Corner
906226060,2016,131000,70,RL,120,26400,Pave,NA,Reg,Bnk,AllPub,FR2
528228460,1145,160200,120,RL,43,3182,Pave,NA,Reg,Lvl,AllPub,Inside
905426100,2008,225000,20,RL,78,7800,Pave,NA,Reg,Bnk,AllPub,Inside
533213040,1471,172500,160,FV,34,3230,Pave,Pave,Reg,Lvl,AllPub,Inside
907126030,990,155000,20,RL,65,9750,Pave,NA,Reg,Low,AllPub,Inside
903451110,1108,139400,45,RM,57,7449,Pave,Grvl,Reg,Bnk,AllPub,Inside
923225370,988,94900,180,RM,21,1596,Pave,NA,Reg,Lvl,AllPub,Inside
527326150,1602,215000,20,RL,NA,16635,Pave,NA,IR1,Lvl,AllPub,FR2
903430090,1635,117000,50,RM,59,5310,Pave,NA,Reg,Lvl,AllPub,Corner
527252050,1612,319900,120,RL,61,8035,Pave,NA,IR1,HLS,AllPub,Inside
534252240,1342,161500,20,RL,NA,9790,Pave,NA,Reg,Lvl,AllPub,Inside
907131190,1463,207000,20,RL,65,14753,Pave,NA,IR2,Low,AllPub,Inside
527450110,987,103400,160,RM,21,1680,Pave,NA,Reg,Lvl,AllPub,Inside
908152035,1149,127000,20,RL,80,10682,Pave,NA,Reg,Lvl,AllPub,Inside
535175030,1632,139000,20,RL,80,9600,Pave,NA,Reg,Lvl,AllPub,Inside
534401140,1510,178900,20,RL,88,9680,Pave,NA,Reg,Lvl,AllPub,Inside
532479020,1641,140000,50,RL,70,10759,Pave,NA,Reg,Lvl,AllPub,Corner
903236010,1285,127000,50,RM,50,8635,Pave,NA,Reg,Lvl,AllPub,Inside
528142150,1760,269500,20,RL,90,12878,Pave,NA,IR1,Lvl,AllPub,Corner
907252060,2184,254750,60,RL,NA,12334,Pave,NA,IR1,Lvl,AllPub,Inside
528480040,1953,252000,60,FV,85,10574,Pave,NA,Reg,Lvl,AllPub,Inside
909475300,1680,222000,20,RL,NA,21695,Pave,NA,IR1,Lvl,AllPub,Corner
534276180,1074,124000,20,RL,74,7450,Pave,NA,IR1,Lvl,AllPub,Inside
907194160,1444,203000,20,RL,65,10739,Pave,NA,IR1,Lvl,AllPub,Inside
906203120,2196,271900,20,RL,90,14684,Pave,NA,IR1,Lvl,AllPub,CulDSac
532354230,864,122000,20,RL,NA,9079,Pave,NA,IR1,Lvl,AllPub,Inside
907252020,2169,228500,60,RL,NA,9375,Pave,NA,Reg,Lvl,AllPub,Inside
903235010,1362,128000,70,RM,60,6155,Pave,NA,IR1,Lvl,AllPub,FR3
535375050,1656,135000,50,RL,60,10410,Pave,NA,Reg,Lvl,AllPub,Inside
528456220,1590,210000,60,FV,75,9000,Pave,NA,Reg,Lvl,AllPub,Inside
535126040,1888,190000,20,RL,137,16492,Pave,NA,IR1,Lvl,AllPub,Corner
916176125,2036,375000,20,RL,150,215245,Pave,NA,IR3,Low,AllPub,Inside
903401020,1820,184000,50,RL,60,9120,Pave,Pave,Reg,Lvl,AllPub,Inside
907275150,2439,275000,60,RL,NA,12728,Pave,NA,Reg,Lvl,AllPub,Inside
528315070,1976,286000,60,RL,84,9660,Pave,NA,IR1,Lvl,AllPub,Inside
905426030,1518,260000,30,RL,85,19550,Pave,NA,Reg,Lvl,AllPub,Inside
909100080,1296,104000,30,RL,67,4853,Pave,NA,Reg,Bnk,AllPub,Inside
906223080,1879,239900,60,RL,85,10560,Pave,NA,Reg,Lvl,AllPub,Corner
908275280,1393,135500,50,RL,59,16466,Pave,NA,IR1,Lvl,AllPub,Inside
534152120,1334,167900,20,RL,80,9650,Pave,NA,Reg,Lvl,AllPub,Inside
534475250,1691,175000,20,RL,90,9900,Pave,NA,Reg,Lvl,AllPub,Inside
527453150,836,120000,120,RL,24,2280,Pave,NA,Reg,Lvl,AllPub,FR2
903475100,1427,123000,70,RM,NA,5775,Pave,NA,IR2,Bnk,AllPub,Corner
923225190,1304,104500,160,RM,41,2665,Pave,NA,Reg,Lvl,AllPub,Inside
535453080,1040,152000,20,RL,NA,7500,Pave,NA,Reg,Lvl,AllPub,Inside
909455040,1191,162500,120,RM,35,3907,Pave,NA,IR1,HLS,AllPub,Inside
526352080,1587,167300,20,RL,85,10667,Pave,NA,Reg,Lvl,AllPub,Inside
902301030,1472,125000,50,RM,60,9600,Pave,Grvl,Reg,Lvl,AllPub,Inside
924100070,1389,170000,20,RL,77,10010,Pave,NA,Reg,Lvl,AllPub,Inside
531376070,1162,170000,20,RL,81,9260,Pave,NA,Reg,Lvl,AllPub,Corner
909101330,498,35000,30,RL,60,8088,Pave,Grvl,Reg,Lvl,AllPub,Inside
907227050,864,127000,20,RL,60,7180,Pave,NA,IR1,Lvl,AllPub,Inside
906203140,2127,238000,60,RL,103,13125,Pave,NA,IR1,Lvl,AllPub,Corner
528174060,1306,196000,120,RL,34,5381,Pave,NA,IR1,Lvl,AllPub,Inside
902406090,1795,131500,50,RM,81,12150,Pave,Grvl,Reg,Lvl,AllPub,Inside
907252120,1601,272000,20,RL,NA,11423,Pave,NA,Reg,Lvl,AllPub,Inside
908275200,768,125000,20,RL,60,8172,Pave,NA,Reg,Lvl,AllPub,Inside
923276030,833,149900,20,RL,76,12887,Pave,NA,Reg,Lvl,AllPub,Inside
921128050,1978,425000,20,RL,85,12633,Pave,NA,IR1,HLS,AllPub,Inside
528292040,1675,181000,60,RL,NA,24682,Pave,NA,IR3,Lvl,AllPub,CulDSac
906392100,1734,260000,20,RL,78,11645,Pave,NA,Reg,Lvl,AllPub,Inside
923204150,1824,139000,90,RL,94,9400,Pave,NA,Reg,Low,AllPub,Corner
902106090,1428,139900,70,RM,58,6451,Pave,Grvl,Reg,Lvl,AllPub,Inside
527425035,864,111250,20,RL,NA,12735,Pave,NA,IR1,Lvl,AllPub,FR2
527131110,1682,247900,120,RL,45,6264,Pave,NA,IR1,Lvl,AllPub,Corner
907290090,1630,213000,20,RL,75,9750,Pave,NA,Reg,Lvl,AllPub,Inside
907175100,1779,197900,60,RL,80,10400,Pave,NA,Reg,Lvl,AllPub,Corner
527455090,836,128500,120,RL,24,2104,Pave,NA,Reg,Lvl,AllPub,Inside
535177110,1721,174850,20,RL,80,9736,Pave,NA,Reg,Lvl,AllPub,Inside
533205110,1378,214000,120,FV,45,4379,Pave,NA,IR1,Lvl,AllPub,FR2
923202025,1368,215000,90,RM,78,7020,Pave,NA,Reg,Lvl,AllPub,Inside
535301080,882,116000,20,RL,60,11556,Pave,NA,Reg,Lvl,AllPub,Inside
923276100,902,131000,20,RL,NA,8885,Pave,NA,IR1,Low,AllPub,Inside
527450210,987,83000,160,RM,21,1953,Pave,NA,Reg,Lvl,AllPub,Inside
909275080,1567,205000,50,RL,60,13680,Pave,NA,Reg,HLS,AllPub,Inside
531375130,1114,153000,20,RL,60,12450,Pave,NA,Reg,Lvl,AllPub,Inside
531363080,1142,139500,20,RL,74,7733,Pave,NA,IR1,Lvl,AllPub,Inside
535457010,1116,160000,20,RL,87,10000,Pave,NA,IR1,Lvl,AllPub,Corner
903234050,1068,109500,30,RM,51,6120,Pave,NA,Reg,Lvl,AllPub,Inside
916386140,1466,201000,20,RL,73,8925,Pave,NA,IR1,HLS,AllPub,Inside
535452120,1507,127000,80,RL,70,7910,Pave,NA,Reg,Lvl,AllPub,Inside
902205090,928,112500,20,RM,50,6000,Pave,NA,Reg,Lvl,AllPub,Inside
916225130,2519,335000,60,RL,42,26178,Pave,NA,IR1,Lvl,AllPub,Inside
527162120,1636,191000,60,RL,60,7500,Pave,NA,Reg,Lvl,AllPub,Inside
528294060,1651,185900,60,RL,77,8390,Pave,NA,IR1,Lvl,AllPub,Inside
535425050,1472,157500,20,RL,86,11650,Pave,NA,Reg,Lvl,AllPub,Corner
905403150,1094,155000,20,RL,85,10452,Pave,NA,IR1,Lvl,AllPub,Inside
907401050,1390,207000,20,RL,70,8810,Pave,NA,Reg,Lvl,AllPub,Inside
528344100,2612,336000,60,RL,98,12203,Pave,NA,IR1,Lvl,AllPub,Corner
903458060,1196,109900,30,RM,40,4800,Pave,NA,Reg,Lvl,AllPub,Inside
535179050,1092,141000,20,RL,69,14850,Pave,NA,IR1,Lvl,AllPub,Inside
534276290,882,106500,20,RL,NA,8339,Pave,NA,IR1,Lvl,AllPub,Inside
532354060,1057,132000,20,RL,70,7420,Pave,NA,Reg,Lvl,AllPub,Inside
535352090,793,113000,30,RL,80,8480,Pave,NA,Reg,Lvl,AllPub,Corner
916403020,1339,180000,20,RL,50,8049,Pave,NA,IR1,Lvl,AllPub,CulDSac
904301100,1152,159900,90,RL,NA,10547,Pave,NA,IR1,Lvl,AllPub,Inside
527180100,1442,180500,20,RL,99,11851,Pave,NA,Reg,Lvl,AllPub,Corner
907200270,1040,134900,20,RL,45,8982,Pave,NA,IR1,Lvl,AllPub,CulDSac
535179120,922,116000,20,RL,72,9770,Pave,NA,Reg,Lvl,AllPub,Inside
902107050,936,140000,90,RM,60,7200,Pave,Grvl,Reg,Lvl,AllPub,Inside
527453130,1456,149900,160,RL,24,2280,Pave,NA,Reg,Lvl,AllPub,FR2
903233080,2009,150000,50,RM,52,6240,Pave,NA,Reg,Lvl,AllPub,Inside
907200250,1009,160000,80,RL,72,9720,Pave,NA,Reg,Lvl,AllPub,Inside
535125090,1986,205000,60,RL,85,13600,Pave,NA,Reg,Lvl,AllPub,Inside
527182040,1088,170000,120,RL,NA,3696,Pave,NA,Reg,Lvl,AllPub,Inside
907280040,2098,240000,60,RL,75,9375,Pave,NA,Reg,Lvl,AllPub,Inside
534275100,864,118000,20,RL,65,8125,Pave,NA,Reg,Lvl,AllPub,Inside
905352030,2022,192000,60,RL,83,10005,Pave,NA,Reg,Lvl,AllPub,Inside
903231070,1176,114500,50,RM,52,6240,Pave,NA,Reg,Lvl,AllPub,Inside
903205040,952,121000,30,RL,NA,8854,Pave,NA,Reg,Lvl,AllPub,Inside
527455050,1548,147000,160,RL,24,2364,Pave,NA,Reg,Lvl,AllPub,Inside
906392110,1498,237000,20,RL,78,11645,Pave,NA,Reg,Lvl,AllPub,Inside
528172050,1614,245700,20,RL,70,9926,Pave,NA,IR1,Lvl,AllPub,Inside
909254010,1228,137000,70,RL,53,7155,Pave,NA,Reg,Lvl,AllPub,Inside
527180040,1341,171500,20,RL,85,10176,Pave,NA,Reg,Lvl,AllPub,Inside
903234030,1103,110500,30,RM,50,6000,Pave,NA,Reg,Lvl,AllPub,Inside
528390020,1987,301500,20,RL,91,14303,Pave,NA,IR1,Lvl,AllPub,Corner
908204180,1152,61500,90,RL,74,6882,Pave,NA,Reg,Lvl,AllPub,Corner
909251030,1422,136500,30,RL,54,7223,Pave,NA,Reg,Lvl,AllPub,Inside
905352140,1981,230000,60,RL,NA,17082,Pave,NA,IR1,Low,AllPub,CulDSac
528250100,1430,180000,80,RL,NA,7750,Pave,NA,IR1,Lvl,AllPub,Inside
916125425,1786,228950,190,RL,NA,164660,Grvl,NA,IR1,HLS,AllPub,Corner
528120030,1743,335000,20,RL,87,10367,Pave,NA,IR1,Lvl,AllPub,Inside
907290250,848,145000,120,RM,NA,4426,Pave,NA,Reg,Lvl,AllPub,Inside
905103030,1096,157500,80,RL,80,13014,Pave,NA,Reg,Lvl,AllPub,Inside
535402100,1146,165000,80,RL,83,10184,Pave,NA,Reg,Lvl,AllPub,Inside
527427200,1337,177000,120,RH,26,10943,Pave,NA,IR2,Lvl,AllPub,FR2
907418040,1361,193000,20,RL,74,9627,Pave,NA,Reg,Lvl,AllPub,Inside
903426200,1560,159900,70,RM,60,12900,Pave,Grvl,Reg,Lvl,AllPub,Inside
535353040,1031,145500,20,RL,60,7626,Pave,NA,Reg,Lvl,AllPub,Inside
902134060,1376,96900,70,RM,42,7614,Pave,Grvl,Reg,Lvl,AllPub,Inside
527127150,1338,213500,120,RL,41,4920,Pave,NA,Reg,Lvl,AllPub,Inside
903205085,1167,144000,30,RL,98,8731,Pave,NA,IR1,Lvl,AllPub,Inside
909425010,1954,311500,50,RL,NA,15660,Pave,NA,IR1,Lvl,AllPub,Corner
531376060,1486,181000,20,RL,65,7441,Pave,NA,IR1,Lvl,AllPub,Inside
528108070,2184,335000,60,RL,96,11308,Pave,NA,IR1,Lvl,AllPub,Inside
528228295,1569,175900,120,RL,51,3635,Pave,NA,Reg,Lvl,AllPub,Inside
909275310,2624,239000,70,RL,86,22420,Pave,NA,IR1,Lvl,AllPub,Inside
533244040,2362,312500,60,FV,106,8413,Pave,NA,IR1,Lvl,AllPub,Inside
902204120,1566,139000,50,RM,50,6000,Pave,NA,Reg,Lvl,AllPub,Inside
905107070,1400,149500,60,RL,74,7844,Pave,NA,Reg,Lvl,AllPub,Inside
535325400,985,105000,30,RL,65,7898,Pave,NA,Reg,Lvl,AllPub,Corner
903425340,960,129000,190,RL,60,9873,Pave,NA,Reg,Lvl,AllPub,Inside
905475270,864,118000,20,RL,60,5400,Pave,NA,Reg,HLS,AllPub,Inside
528120130,2331,379000,60,RL,102,12151,Pave,NA,IR1,Lvl,AllPub,Inside
527256120,2000,470000,20,RL,90,18261,Pave,NA,IR1,HLS,AllPub,Inside
528174040,1362,207000,120,RL,41,6289,Pave,NA,IR1,Lvl,AllPub,Inside
534427140,1327,150750,20,RL,75,7388,Pave,NA,Reg,Lvl,AllPub,Corner
528360050,3500,584500,60,RL,114,17242,Pave,NA,IR1,Lvl,AllPub,Inside
905402110,1350,146000,20,RL,75,9375,Pave,NA,Reg,Lvl,AllPub,Corner
905228020,998,89500,20,RL,NA,9000,Pave,NA,Reg,Lvl,AllPub,Inside
534478140,1920,137000,90,RL,95,11345,Pave,NA,Reg,Lvl,AllPub,Corner
533254130,1262,181500,20,RL,80,9600,Pave,NA,Reg,Lvl,AllPub,FR2
907180040,1786,204750,60,RL,69,9337,Pave,NA,IR1,Lvl,AllPub,Inside
907270040,2452,267000,60,RL,66,16226,Pave,NA,IR3,Lvl,AllPub,Inside
526302030,1293,149900,20,RL,NA,11027,Pave,NA,IR1,Lvl,AllPub,Inside
531452180,1744,194500,60,RL,NA,9453,Pave,NA,IR1,Lvl,AllPub,CulDSac
528315090,2365,337000,60,RL,82,9430,Pave,NA,Reg,Lvl,AllPub,Inside
528186010,1712,286500,20,RL,129,16770,Pave,NA,Reg,Lvl,AllPub,Corner
903232190,1040,123900,50,RM,52,6240,Pave,NA,Reg,Lvl,AllPub,Inside
528387030,2232,263550,60,RL,NA,11692,Pave,NA,IR1,Lvl,AllPub,Inside
914465060,1689,271000,20,RL,NA,13265,Pave,NA,IR1,Lvl,AllPub,CulDSac
534225120,1728,142600,90,RL,74,13101,Pave,NA,IR1,Lvl,AllPub,Inside
907203090,924,110000,20,RL,88,7990,Pave,NA,IR1,Lvl,AllPub,Inside
535379110,1534,148000,70,RL,60,10800,Pave,Grvl,Reg,Lvl,AllPub,Inside
527127140,1593,286000,120,RL,41,4923,Pave,NA,Reg,Lvl,AllPub,Inside
902128020,864,105000,20,RM,60,7200,Pave,Grvl,Reg,Lvl,AllPub,Inside
905475160,1089,125000,20,RL,62,7440,Pave,NA,Reg,Lvl,AllPub,Inside
528240070,1960,216500,60,RL,NA,7851,Pave,NA,Reg,Lvl,AllPub,Inside
923228250,1092,75000,160,RM,21,2001,Pave,NA,Reg,Lvl,AllPub,Inside
532477040,2167,294000,60,RL,NA,17542,Pave,NA,IR1,Lvl,AllPub,Inside
535151080,1008,135000,20,RL,109,9723,Pave,NA,IR1,Lvl,AllPub,Corner
923228370,1092,85500,160,RM,21,1890,Pave,NA,Reg,Lvl,AllPub,Inside
907187080,1479,191000,20,RL,93,9382,Pave,NA,IR1,Lvl,AllPub,CulDSac
902206240,1245,100000,50,RM,NA,8239,Pave,NA,Reg,Lvl,AllPub,Inside
534276190,1014,98000,20,RL,74,7785,Pave,NA,IR1,Lvl,AllPub,Inside
914467040,1916,254900,60,RL,85,11050,Pave,NA,Reg,Lvl,AllPub,Inside
905107380,1073,120000,20,RL,NA,9981,Pave,NA,IR1,Lvl,AllPub,Corner
532353180,1212,151000,80,RL,88,8471,Pave,NA,IR1,Lvl,AllPub,Corner
909250120,1784,138887,70,RL,96,13132,Pave,NA,Reg,Lvl,AllPub,Inside
534425015,1652,200000,20,RL,NA,22002,Pave,NA,Reg,Lvl,AllPub,Corner
535451100,1238,102000,20,RL,60,7200,Pave,NA,Reg,Lvl,AllPub,Inside
533250190,1494,279700,120,RL,50,9466,Pave,NA,IR2,Lvl,AllPub,FR2
527451170,1365,122500,160,RM,24,1920,Pave,NA,Reg,Lvl,AllPub,Inside
534431050,2461,197600,50,RL,68,9724,Pave,NA,Reg,Lvl,AllPub,Inside
535177020,1144,120000,20,RL,70,9100,Pave,NA,Reg,Lvl,AllPub,Inside
914465020,2052,251000,60,RL,75,10125,Pave,NA,Reg,Lvl,AllPub,Inside
533252020,1208,165000,20,RL,NA,11250,Pave,NA,IR1,Lvl,AllPub,Inside
905426200,1074,144500,20,RL,65,11479,Pave,NA,Reg,Lvl,AllPub,Inside
907401060,1928,219500,60,RL,65,8200,Pave,NA,Reg,Lvl,AllPub,Inside
528170070,2046,284000,60,RL,85,10625,Pave,NA,Reg,Lvl,AllPub,Inside
905200380,872,105000,30,RL,NA,17529,Pave,NA,Reg,Lvl,AllPub,Inside
906223110,1626,226500,20,RL,80,9938,Pave,NA,Reg,Lvl,AllPub,Inside
527127100,2522,375000,120,RL,28,7296,Pave,NA,IR1,Lvl,AllPub,CulDSac
903233140,854,132000,45,RM,51,6120,Pave,NA,Reg,Lvl,AllPub,Corner
535152230,1478,156500,20,RL,70,8400,Pave,NA,Reg,Lvl,AllPub,Inside
909281130,2727,315000,70,RL,70,10570,Pave,NA,Reg,Bnk,AllPub,Inside
528435070,1588,227000,20,RL,85,10000,Pave,NA,Reg,Lvl,AllPub,Inside
535177100,1336,162000,20,RL,NA,9610,Pave,NA,IR1,Lvl,AllPub,Corner
905402060,1733,139600,20,RL,NA,13680,Pave,NA,IR1,Lvl,AllPub,CulDSac
910201130,1090,120000,50,RM,60,6000,Pave,NA,Reg,Lvl,AllPub,Inside
905226080,1302,165250,50,RL,70,6960,Pave,NA,Reg,Lvl,AllPub,Inside
528275110,1995,219500,60,RL,NA,8740,Pave,NA,IR1,Lvl,AllPub,Inside
908275130,1200,130500,50,RL,70,11767,Pave,NA,Reg,Lvl,AllPub,Inside
905402090,1357,177000,80,RL,124,11512,Pave,NA,IR1,Lvl,AllPub,Corner
531382090,1609,182000,60,RL,65,8453,Pave,NA,IR1,Lvl,AllPub,Inside
528439080,1506,249000,20,RL,70,8251,Pave,NA,Reg,Lvl,AllPub,Inside
528188020,1405,173000,120,RL,48,3480,Pave,NA,Reg,Lvl,AllPub,Inside
528218020,1536,176000,60,RL,65,10237,Pave,NA,Reg,Lvl,AllPub,Inside
905480240,1111,95000,50,RL,60,9084,Pave,NA,Reg,Lvl,AllPub,Inside
923228080,1092,98000,160,RM,21,1477,Pave,NA,Reg,Lvl,AllPub,Inside
903230110,1216,115000,50,RM,60,5520,Pave,NA,IR1,Lvl,AllPub,FR2
902330090,2454,185000,75,RM,75,13500,Pave,Grvl,Reg,Lvl,AllPub,Corner
528106110,2046,450000,20,RL,105,15431,Pave,NA,Reg,Lvl,AllPub,Inside
903231130,875,105000,30,RM,51,6120,Pave,NA,Reg,Lvl,AllPub,Corner
923204050,1040,132250,20,RL,94,25286,Pave,NA,Reg,HLS,AllPub,Inside
535451010,910,116000,20,RL,74,8892,Pave,NA,Reg,Lvl,AllPub,Corner
905102170,1040,129500,20,RL,70,11200,Pave,NA,Reg,Lvl,AllPub,Inside
535376090,833,117000,20,RL,90,5400,Pave,NA,Reg,Lvl,AllPub,Inside
923202060,1771,115000,20,RL,100,21750,Pave,NA,Reg,Lvl,AllPub,Inside
527450010,1092,105500,160,RM,24,2760,Pave,NA,Reg,Lvl,AllPub,Inside
535327230,1764,100000,20,RL,71,8838,Pave,NA,Reg,Lvl,AllPub,Inside
527405180,864,124500,20,RL,70,8120,Pave,NA,Reg,Lvl,AllPub,Inside
902325050,1768,163000,75,RM,60,10800,Pave,NA,Reg,Lvl,AllPub,Inside
527126030,1652,251000,120,RL,41,5330,Pave,NA,Reg,Lvl,AllPub,Inside
534403280,1251,160000,20,RL,80,8800,Pave,NA,Reg,Lvl,AllPub,Inside
527451520,987,94500,160,RM,21,1680,Pave,NA,Reg,Lvl,AllPub,Inside
909251040,1298,146500,50,RL,51,6821,Pave,NA,Reg,HLS,AllPub,Inside
902302150,2337,90000,190,RM,85,13600,Pave,Grvl,Reg,Lvl,AllPub,Inside
902103100,1378,128900,50,RM,68,4080,Pave,Grvl,Reg,Lvl,AllPub,Inside
527164020,1190,166000,20,RL,58,7250,Pave,NA,Reg,Lvl,AllPub,Inside
923228200,992,106500,180,RM,NA,1533,Pave,NA,Reg,Lvl,AllPub,Inside
534226060,1200,146000,20,RL,71,9230,Pave,NA,Reg,Lvl,AllPub,Corner
916380070,1620,315500,20,RL,89,12898,Pave,NA,IR1,HLS,AllPub,Inside
909256060,1639,115000,50,RL,51,10480,Pave,NA,Reg,Lvl,AllPub,Inside
532353130,980,135000,20,RL,71,7064,Pave,NA,Reg,Lvl,AllPub,Inside
535154130,988,149500,20,RL,66,9240,Pave,NA,IR1,Lvl,AllPub,Inside
905452120,1269,134500,60,RL,50,9360,Pave,NA,Reg,Lvl,AllPub,Corner
906475170,1743,279000,20,RL,155,20064,Pave,NA,IR1,Low,AllPub,Inside
907414060,1422,179600,20,RL,63,8500,Pave,NA,Reg,Lvl,AllPub,FR2
535353060,1210,102900,20,RL,75,9533,Pave,NA,Reg,Lvl,AllPub,Inside
902406020,984,110000,20,RM,65,9750,Pave,NA,Reg,Lvl,AllPub,Inside
535101020,1128,178000,85,RL,75,11380,Pave,NA,IR1,Lvl,AllPub,Inside
909276200,1308,160000,50,RL,130,9600,Pave,NA,IR1,HLS,AllPub,Inside
528488120,1266,176000,20,FV,62,7500,Pave,Pave,Reg,Lvl,AllPub,Inside
907181100,1431,192000,20,RL,68,9017,Pave,NA,IR1,Lvl,AllPub,Inside
528322020,2551,384500,60,RL,100,12191,Pave,NA,IR1,Lvl,AllPub,Inside
902104060,1140,96500,50,RM,55,8800,Pave,Grvl,Reg,Lvl,AllPub,Corner
527107010,1636,173000,60,RL,NA,15038,Pave,NA,IR2,Lvl,AllPub,Corner
534127170,1489,185750,20,RL,NA,9156,Pave,NA,IR1,Lvl,AllPub,Inside
908152280,1090,157000,20,RL,60,7024,Pave,NA,Reg,Lvl,AllPub,Inside
528326060,2285,248000,60,RL,NA,11000,Pave,NA,Reg,Lvl,AllPub,FR2
527208010,2500,355000,60,RL,101,13543,Pave,NA,IR1,HLS,AllPub,Corner
907255030,1947,274000,60,RL,NA,9720,Pave,NA,IR1,Lvl,AllPub,CulDSac
906225210,996,147000,85,RL,73,9069,Pave,NA,Reg,Lvl,AllPub,Inside
527107030,1498,187500,60,RL,NA,13031,Pave,NA,IR2,Lvl,AllPub,Corner
907135180,990,123600,20,RL,60,8070,Pave,NA,Reg,Lvl,AllPub,Inside
533250110,1239,217500,120,RL,22,11064,Pave,NA,IR2,Lvl,AllPub,CulDSac
902330010,2358,122000,70,RM,50,5250,Pave,Pave,Reg,Lvl,AllPub,Inside
924151050,2000,188000,60,RL,74,9627,Pave,NA,Reg,Lvl,AllPub,Inside
528429070,1578,240000,20,RL,74,13253,Pave,NA,IR1,Lvl,AllPub,Inside
923276260,883,149000,85,RL,70,7669,Pave,NA,Reg,Lvl,AllPub,Inside
531369060,1659,181000,60,RL,70,11920,Pave,NA,Reg,Lvl,AllPub,Inside
907227080,894,123000,20,RL,60,7200,Pave,NA,Reg,Low,AllPub,Inside
904302010,1282,108500,190,RL,59,4484,Pave,NA,IR1,Lvl,AllPub,Corner
908201120,1440,118000,90,RL,92,12108,Pave,NA,Reg,Lvl,AllPub,Inside
528458110,1566,262500,20,FV,75,9000,Pave,NA,Reg,Lvl,AllPub,Inside
903453080,2294,202500,80,RM,120,13200,Pave,NA,Reg,Lvl,AllPub,Corner
902330040,1742,168000,70,RM,121,17671,Pave,Grvl,Reg,Lvl,AllPub,Corner
912251110,810,57625,30,I (all),109,21780,Grvl,NA,Reg,Lvl,NoSewr,Inside
534151180,2075,255000,60,RL,78,10530,Pave,NA,Reg,Lvl,AllPub,Inside
528328100,2599,333168,60,RL,108,14774,Pave,NA,IR1,Lvl,AllPub,Corner
528108130,2020,404000,20,RL,95,12350,Pave,NA,Reg,Lvl,AllPub,Inside
527131030,1659,278000,120,RL,40,5664,Pave,NA,IR1,Lvl,AllPub,Inside
906475200,1533,280000,20,RL,62,70761,Pave,NA,IR1,Low,AllPub,Inside
905480160,1456,91500,50,RL,50,7585,Pave,NA,Reg,Lvl,AllPub,Inside
528290060,1320,162000,60,RL,NA,7750,Pave,NA,Reg,Lvl,AllPub,Inside
534476320,1050,128900,20,RL,80,9600,Pave,NA,Reg,Lvl,AllPub,Inside
905101310,1768,136500,90,RL,72,10778,Pave,NA,Reg,Lvl,AllPub,Inside
905226170,1176,137000,20,RL,85,13770,Pave,NA,Reg,Lvl,AllPub,Corner
534127210,1427,183000,80,RL,NA,11104,Pave,NA,IR1,Lvl,AllPub,Inside
535150210,1098,135000,20,RL,NA,7390,Pave,NA,IR1,Lvl,AllPub,Inside
527375210,1193,158000,20,RL,85,11050,Pave,NA,IR1,Lvl,AllPub,Corner
534175140,1625,140500,90,RL,75,9750,Pave,NA,Reg,Lvl,AllPub,Inside
527302090,1664,213000,20,RL,93,12299,Pave,NA,Reg,Lvl,AllPub,Inside
907290080,1836,216837,20,RL,70,9100,Pave,NA,Reg,Lvl,AllPub,Inside
528180080,1565,282500,120,RL,48,5911,Pave,NA,Reg,Lvl,AllPub,Inside
905109130,2260,328000,60,RL,80,14000,Pave,NA,Reg,Lvl,AllPub,Inside
908250090,930,99000,20,RL,68,9520,Pave,NA,Reg,Bnk,AllPub,Inside
905300010,810,130000,85,RL,72,10820,Pave,NA,Reg,Lvl,AllPub,Corner
527451460,1092,108000,160,RM,21,1680,Pave,NA,Reg,Lvl,AllPub,Inside
906382060,1500,212999,20,RL,73,8760,Pave,NA,Reg,Lvl,AllPub,Inside
902207110,840,64000,30,RM,48,5747,Pave,NA,Reg,Lvl,AllPub,Inside
903451090,1930,149000,70,RM,57,6876,Pave,NA,Reg,Lvl,AllPub,Inside
528166150,2385,350000,60,RL,110,14277,Pave,NA,Reg,Lvl,AllPub,Inside
907200230,1040,124000,20,RL,60,8430,Pave,NA,Reg,HLS,AllPub,Inside
905103060,1392,121500,20,RL,NA,11341,Pave,NA,IR1,Lvl,AllPub,Inside
535180070,1236,134450,20,RL,72,10011,Pave,NA,IR1,Lvl,AllPub,Inside
907202140,971,128500,20,RL,69,9920,Pave,NA,IR1,Lvl,AllPub,Inside
907202130,1268,143500,20,RL,NA,9286,Pave,NA,IR1,Lvl,AllPub,CulDSac
527455060,1441,148500,160,RL,24,2289,Pave,NA,Reg,Lvl,AllPub,Inside
535382130,1466,170000,50,RL,60,10800,Pave,Grvl,Reg,Lvl,AllPub,Inside
907227110,768,133900,85,RL,60,7200,Pave,NA,Reg,Lvl,AllPub,Inside
903227080,1158,120000,50,RM,50,6000,Pave,NA,Reg,Lvl,AllPub,Corner
905100080,1452,158450,85,RL,75,11235,Pave,NA,Reg,Lvl,AllPub,Inside
916460060,1675,195000,20,RL,NA,7915,Pave,NA,IR1,Lvl,AllPub,Inside
527355060,1857,188900,60,RL,81,10530,Pave,NA,Reg,Lvl,AllPub,Inside
533242090,2048,301000,60,FV,NA,8010,Pave,Pave,IR1,Lvl,AllPub,Inside
534450150,708,82500,30,RL,50,5330,Pave,NA,Reg,HLS,AllPub,Inside
527252080,1710,334000,120,RL,60,8118,Pave,NA,Reg,HLS,AllPub,Inside
535453100,1183,138000,80,RL,80,8000,Pave,NA,Reg,Lvl,AllPub,Inside
902329080,1288,119000,70,RM,60,3600,Pave,Grvl,Reg,Lvl,AllPub,Inside
907176010,1771,215700,60,RL,NA,13142,Pave,NA,IR1,Lvl,AllPub,Corner
535376010,882,103200,45,RL,55,5500,Pave,NA,Reg,Lvl,AllPub,Inside
905300080,894,142500,20,RL,100,13350,Pave,NA,IR1,Lvl,AllPub,Inside
528290190,1430,156000,80,RL,62,7750,Pave,NA,Reg,Lvl,AllPub,Inside
527427090,767,133000,120,RH,34,4058,Pave,NA,Reg,Lvl,AllPub,Inside
910202060,1154,125500,50,RM,40,5436,Pave,NA,Reg,Lvl,AllPub,Inside
903400030,816,109000,30,RL,50,11672,Pave,Pave,IR2,Lvl,AllPub,Inside
914452090,1299,183500,85,RL,NA,12150,Pave,NA,IR1,Bnk,AllPub,CulDSac
532376250,925,133500,20,RL,NA,8638,Pave,NA,IR1,Lvl,AllPub,Inside
908152060,1044,133500,80,RL,65,6285,Pave,NA,Reg,Lvl,AllPub,Inside
527158020,1169,183500,20,RL,NA,8076,Pave,NA,IR1,Lvl,AllPub,Inside
907200280,1026,150000,20,RL,38,15240,Pave,NA,IR1,Lvl,AllPub,FR2
902109140,1960,124500,90,RM,60,7596,Pave,Grvl,Reg,Lvl,AllPub,Inside
535180130,1337,108000,50,RL,60,8382,Pave,NA,Reg,Lvl,AllPub,Inside
535403210,1105,135000,20,RL,90,10454,Pave,NA,IR1,Lvl,AllPub,Corner
903225140,1210,124000,50,RM,50,5000,Pave,NA,Reg,Lvl,AllPub,Inside
905104180,894,130000,20,RL,57,9764,Pave,NA,IR1,Lvl,AllPub,FR2
911102170,1317,40000,70,C (all),50,8500,Pave,Pave,Reg,Lvl,AllPub,Inside
910203290,1012,118400,30,RM,59,8263,Pave,NA,Reg,Bnk,AllPub,Inside
923426010,889,137500,20,RL,74,12395,Pave,NA,Reg,Lvl,AllPub,Corner
916403010,1412,175000,20,RL,130,11457,Pave,NA,IR1,Lvl,AllPub,Corner
903452025,768,93850,30,RM,NA,6291,Grvl,NA,IR1,Lvl,AllPub,Inside
535125060,2157,226000,60,RL,88,14200,Pave,NA,Reg,Lvl,AllPub,Corner
909475230,2726,315000,20,RL,70,18044,Pave,NA,IR1,HLS,AllPub,CulDSac
527325070,2872,272000,60,RL,NA,12227,Pave,NA,IR1,Lvl,AllPub,Corner
527403020,1056,142000,20,RL,65,8450,Pave,NA,Reg,Lvl,AllPub,Inside
528488100,1221,185000,20,FV,62,7500,Pave,Pave,Reg,Lvl,AllPub,Inside
531375040,1114,159000,20,RL,63,13072,Pave,NA,Reg,Lvl,AllPub,Inside
908102260,1256,147500,20,RL,75,9937,Pave,NA,Reg,Lvl,AllPub,Inside
906202040,1298,180000,20,RL,NA,11200,Pave,NA,Reg,Lvl,AllPub,Inside
902134100,899,78000,30,RM,60,6756,Pave,NA,Reg,Lvl,AllPub,Inside
902427040,1248,87000,50,RM,52,9439,Pave,NA,Reg,Lvl,AllPub,Inside
533205060,1488,260000,120,FV,25,4835,Pave,NA,IR1,Lvl,AllPub,CulDSac
527402240,1479,184000,60,RL,NA,7472,Pave,NA,IR1,Lvl,AllPub,CulDSac
533213070,1501,179400,160,FV,24,2280,Pave,Pave,Reg,Lvl,AllPub,Inside
527210060,1922,377426,20,RL,86,14157,Pave,NA,IR1,HLS,AllPub,Corner
532377050,1040,145000,20,RL,84,7476,Pave,NA,Reg,Lvl,AllPub,Corner
533350020,2497,373000,20,RL,94,17778,Pave,NA,IR1,Lvl,AllPub,Inside
531363050,1158,143500,20,RL,63,7500,Pave,NA,Reg,Lvl,AllPub,Inside
528294050,1430,168000,80,RL,64,7848,Pave,NA,IR1,Lvl,AllPub,Inside
905229040,1788,161500,50,RL,NA,11250,Pave,NA,Reg,Lvl,AllPub,Inside
910203250,540,82000,30,RM,58,8154,Pave,NA,Reg,Lvl,AllPub,Inside
534125080,1556,154000,60,RL,78,11700,Pave,NA,Reg,Lvl,AllPub,Inside
905108120,1949,157000,90,RL,75,8235,Pave,NA,Reg,Lvl,AllPub,Inside
534400030,1128,155000,20,RL,80,8700,Pave,NA,Reg,Lvl,AllPub,Inside
907290040,1661,224900,20,RL,48,12137,Pave,NA,IR2,Lvl,AllPub,CulDSac
905108220,860,137000,85,RL,74,8740,Pave,NA,IR1,Lvl,AllPub,Inside
528431050,1636,255000,20,RL,116,13501,Pave,NA,IR1,Lvl,AllPub,Corner
527354100,1472,187500,80,RL,NA,14115,Pave,NA,Reg,Lvl,AllPub,Inside
909256120,954,119750,30,RL,50,6305,Pave,NA,Reg,Bnk,AllPub,Inside
914476380,1217,173000,80,RL,NA,9947,Pave,NA,IR1,Lvl,AllPub,CulDSac
910201110,1123,100000,50,RM,50,6060,Pave,NA,Reg,Lvl,AllPub,Inside
535325090,925,127000,20,RL,71,8540,Pave,NA,Reg,Lvl,AllPub,Corner
907227300,780,124900,20,RL,60,7200,Pave,NA,Reg,Bnk,AllPub,Inside
908103090,1088,110000,20,RL,67,8308,Pave,NA,Reg,Lvl,AllPub,Inside
902207080,1163,126175,20,RM,49,5820,Pave,NA,Reg,Lvl,AllPub,Inside
907255010,1358,220000,20,RL,NA,11088,Pave,NA,Reg,Lvl,AllPub,Corner
907201060,985,149900,80,RL,65,8385,Pave,NA,Reg,Lvl,AllPub,Inside
907265100,1764,207000,60,RL,96,11690,Pave,NA,IR1,Lvl,AllPub,Inside
535450160,1040,92900,90,RL,60,8544,Pave,NA,Reg,Lvl,AllPub,Corner
533352170,1479,130500,60,RL,NA,13517,Pave,NA,IR1,Lvl,AllPub,CulDSac
907253130,2153,313000,60,RL,NA,11050,Pave,NA,Reg,Lvl,AllPub,Inside
534475170,1977,165000,60,RL,100,9500,Pave,NA,Reg,Lvl,AllPub,Corner
527359030,1444,159900,20,RL,80,10400,Pave,NA,Reg,Lvl,AllPub,Inside
535451110,864,129000,20,RL,60,7200,Pave,NA,Reg,Lvl,AllPub,Inside
528280110,1647,175000,60,RL,62,7917,Pave,NA,Reg,Lvl,AllPub,Inside
534275220,1065,126500,20,RL,80,8892,Pave,NA,IR1,Lvl,AllPub,Inside
907180050,1692,191000,60,RL,NA,9337,Pave,NA,IR1,Lvl,AllPub,Inside
914475090,1285,190000,80,RL,74,9620,Pave,NA,Reg,Lvl,AllPub,Inside
533213140,1458,176000,160,FV,34,3230,Pave,Pave,Reg,Lvl,AllPub,Corner
531452210,1320,150000,60,RL,NA,9019,Pave,NA,IR1,Lvl,AllPub,Inside
535105100,1394,159000,20,RL,NA,9500,Pave,NA,IR1,Lvl,AllPub,Inside
905226130,1299,150000,20,RL,91,11375,Pave,NA,Reg,Lvl,AllPub,Inside
908151040,1117,147000,80,RL,NA,9638,Pave,NA,IR1,Lvl,AllPub,CulDSac
905401060,1663,256000,20,RL,NA,53227,Pave,NA,IR1,Low,AllPub,CulDSac
528235010,1432,188500,60,RL,71,7795,Pave,NA,IR1,Lvl,AllPub,Inside
903201030,1143,138000,30,RL,55,7111,Pave,NA,IR1,Bnk,AllPub,Inside
533234020,1789,223000,60,FV,79,10646,Pave,NA,IR1,Lvl,AllPub,Corner
533212060,1236,152000,160,FV,24,2544,Pave,Pave,Reg,Lvl,AllPub,Inside
527301320,2353,260000,60,RL,94,13005,Pave,NA,IR1,Lvl,AllPub,Corner
533253050,1036,188000,120,RL,36,3640,Pave,NA,IR1,Lvl,AllPub,CulDSac
906204280,2814,260000,60,RL,NA,9771,Pave,NA,IR3,Lvl,AllPub,Corner
535327210,1384,159000,20,RL,70,13300,Pave,NA,Reg,Lvl,AllPub,Inside
902128160,1072,130000,30,RM,60,7200,Pave,NA,Reg,Lvl,AllPub,Inside
535381040,2377,142900,50,RL,60,10410,Pave,Grvl,Reg,Lvl,AllPub,Inside
535380050,1558,140000,50,RL,60,10930,Pave,Grvl,Reg,Bnk,AllPub,Inside
528478040,1958,250000,60,FV,85,10625,Pave,NA,Reg,Lvl,AllPub,Inside
923226270,630,86000,180,RM,21,1526,Pave,NA,Reg,Lvl,AllPub,Inside
903455140,1040,127500,30,RM,60,7200,Pave,NA,Reg,Lvl,AllPub,Corner
909277070,1374,110000,50,RL,NA,9260,Pave,Grvl,IR1,HLS,AllPub,Inside
532351060,988,129500,20,RL,70,9100,Pave,NA,Reg,Lvl,AllPub,Inside
906223220,2037,229000,80,RL,85,10541,Pave,NA,IR1,Lvl,AllPub,Corner
528228435,1555,192500,120,RL,43,3182,Pave,NA,Reg,Lvl,AllPub,Inside
903227070,1348,117000,50,RM,50,6000,Pave,NA,Reg,Lvl,AllPub,Corner
902303100,1650,144100,50,RM,56,8398,Pave,Grvl,Reg,Lvl,AllPub,Inside
528235200,1374,170000,80,RL,59,9434,Pave,NA,IR1,Lvl,AllPub,Inside
903226130,1324,128000,50,RM,50,6000,Pave,NA,Reg,Lvl,AllPub,Inside
528228565,1506,213490,120,RL,43,3013,Pave,NA,Reg,Lvl,AllPub,Inside
531371070,1696,188000,60,RL,68,10110,Pave,NA,Reg,Lvl,AllPub,Inside
527451450,948,89000,160,RM,21,1680,Pave,NA,Reg,Lvl,AllPub,Inside
908152270,1132,176000,20,RL,60,7024,Pave,NA,Reg,Lvl,AllPub,Inside
531453010,1097,152000,20,RL,81,9672,Pave,NA,Reg,Lvl,AllPub,Corner
533241010,1694,200000,60,FV,114,8314,Pave,Pave,IR1,Lvl,AllPub,Corner
528221060,1484,174000,60,RL,149,12589,Pave,NA,IR2,Lvl,AllPub,Inside
528290030,1374,167000,80,RL,61,9734,Pave,NA,IR1,Lvl,AllPub,Inside
909281030,1091,104000,20,RL,79,7801,Pave,NA,IR1,Lvl,AllPub,Corner
527377110,1877,178900,60,RL,80,8000,Pave,NA,Reg,Lvl,AllPub,Inside
528364110,2531,290000,60,RL,65,12257,Pave,NA,IR1,Lvl,AllPub,Inside
907250030,1978,318000,20,RL,80,10389,Pave,NA,Reg,Lvl,AllPub,Inside
528112040,1736,360000,20,RL,95,11578,Pave,NA,Reg,Lvl,AllPub,Inside
527454200,1456,146000,160,RL,24,2280,Pave,NA,Reg,Lvl,AllPub,Inside
902205010,612,45000,30,RM,50,5925,Pave,NA,Reg,Lvl,AllPub,Corner
527359160,1324,174000,80,RL,64,8991,Pave,NA,IR1,Lvl,AllPub,CulDSac
528228360,1511,246990,120,RL,NA,2938,Pave,NA,Reg,Lvl,AllPub,Inside
527377030,1309,181000,20,RL,78,10140,Pave,NA,Reg,Lvl,AllPub,Inside
902300215,1416,153900,50,RM,100,12665,Pave,Grvl,IR1,Lvl,AllPub,Inside
534479320,1268,132000,20,RL,78,7800,Pave,NA,Reg,Lvl,AllPub,Inside
909101180,1716,135900,190,RL,55,5687,Pave,Grvl,Reg,Bnk,AllPub,Inside
908127100,816,118500,90,RL,81,11841,Grvl,NA,Reg,Lvl,AllPub,Inside
534176060,1381,197500,20,RL,78,9360,Pave,NA,Reg,Lvl,AllPub,Inside
905107250,1440,163000,60,RL,86,11227,Pave,NA,Reg,Lvl,AllPub,Inside
535325130,1145,127000,80,RL,55,7700,Pave,NA,Reg,Lvl,AllPub,Inside
528118020,2452,309000,60,RL,108,13418,Pave,NA,Reg,Lvl,AllPub,Inside
916455050,1312,180500,20,RL,NA,6718,Pave,NA,IR1,Lvl,AllPub,Inside
528321010,2794,403000,60,RL,174,15138,Pave,NA,IR1,Lvl,AllPub,Inside
534477110,1668,140000,50,RL,80,9600,Pave,NA,Reg,Lvl,AllPub,Inside
902306120,1540,129400,70,RM,60,6000,Pave,Grvl,Reg,Lvl,AllPub,Corner
905453040,1212,186000,20,RL,83,10420,Pave,NA,Reg,Lvl,AllPub,Corner
905103130,1064,153600,20,RL,NA,11327,Pave,NA,IR1,Lvl,AllPub,Inside
527105130,2283,270000,60,RL,NA,11792,Pave,NA,IR1,Lvl,AllPub,Inside
909451130,1045,123900,160,RM,24,1782,Pave,NA,Reg,Lvl,AllPub,Inside
531382120,1679,193500,20,RL,65,8125,Pave,NA,Reg,Lvl,AllPub,Inside
528102040,1718,337500,20,RL,96,12456,Pave,NA,Reg,Lvl,AllPub,FR2
905377130,861,82500,30,RL,NA,12342,Pave,NA,IR1,Lvl,AllPub,Inside
911370540,1646,275000,120,RM,44,3842,Pave,NA,IR1,HLS,AllPub,Inside
905475500,845,84000,20,RL,NA,11500,Pave,NA,IR1,Lvl,AllPub,CulDSac
903228060,1342,105000,50,RM,50,6000,Pave,NA,Reg,Lvl,AllPub,Inside
535383120,725,78500,30,RL,60,10800,Pave,Grvl,Reg,Lvl,AllPub,Corner
916380060,1537,294000,20,RL,74,11563,Pave,NA,IR1,HLS,AllPub,Inside
916252170,1295,230000,120,RM,NA,8239,Pave,NA,IR1,Lvl,AllPub,Inside
903425190,2486,220000,50,RM,90,33120,Pave,NA,IR3,Lvl,AllPub,Inside
907250070,1611,250000,20,RL,90,11664,Pave,NA,Reg,Lvl,AllPub,Corner
907253110,2161,230500,60,RL,NA,10400,Pave,NA,Reg,Lvl,AllPub,Inside
528292060,2322,225000,60,RL,41,12460,Pave,NA,IR1,Lvl,AllPub,FR2
527357180,2840,292500,60,RL,NA,12511,Pave,NA,IR1,Lvl,AllPub,Corner
914475030,1287,173000,85,RL,72,9360,Pave,NA,Reg,Bnk,AllPub,Inside
535302120,1866,135000,90,RL,76,9482,Pave,NA,Reg,Lvl,AllPub,Inside
534276360,1225,128950,20,RL,77,9320,Pave,NA,IR1,Lvl,AllPub,Inside
527165170,1642,168000,60,RL,NA,7655,Pave,NA,IR1,Lvl,AllPub,CulDSac
902207150,968,100000,30,RM,60,8520,Pave,NA,Reg,Lvl,AllPub,Inside
909428110,1336,157000,190,RL,90,15750,Pave,NA,Reg,Lvl,AllPub,Corner
527451650,1302,119500,160,RM,21,1680,Pave,NA,Reg,Lvl,AllPub,Inside
535152010,1604,135000,90,RL,70,8267,Pave,NA,Reg,Lvl,AllPub,Corner
534128020,2067,206000,60,RL,NA,12732,Pave,NA,IR1,Lvl,AllPub,CulDSac
923125030,1600,81500,20,A (agr),125,31250,Pave,NA,Reg,Lvl,AllPub,Inside
907262070,1640,183000,60,RL,72,7226,Pave,NA,IR1,Lvl,AllPub,CulDSac
906392130,1422,173000,60,RL,79,11646,Pave,NA,IR1,Lvl,AllPub,Inside
902325070,2138,106000,75,RM,90,8100,Pave,NA,Reg,Lvl,AllPub,Corner
902128150,1436,155000,190,RM,60,10800,Pave,Grvl,Reg,Lvl,AllPub,Inside
903454060,1092,55000,190,RM,70,5600,Pave,NA,Reg,Lvl,AllPub,Inside
533221100,1525,177000,160,FV,NA,2117,Pave,NA,Reg,Lvl,AllPub,Inside
527107210,1446,175000,60,RL,57,21872,Pave,NA,IR2,HLS,AllPub,FR2
907425015,848,141000,120,RM,NA,4426,Pave,NA,Reg,Lvl,AllPub,Inside
532378220,941,129200,20,RL,NA,8789,Pave,NA,IR1,Lvl,AllPub,Inside
535403280,1306,153000,20,RL,64,8712,Pave,NA,IR1,Lvl,AllPub,Inside
528228340,1456,215000,120,RL,NA,3196,Pave,NA,Reg,Lvl,AllPub,Inside
528221070,1560,174000,60,RL,122,11911,Pave,NA,IR2,Lvl,AllPub,Inside
532479120,1701,171000,85,RL,NA,16647,Pave,NA,IR1,Lvl,AllPub,CulDSac
528435050,1702,275500,20,RL,85,10130,Pave,NA,Reg,Lvl,AllPub,Inside
916403130,2514,250000,60,RL,NA,11170,Pave,NA,IR2,Lvl,AllPub,Corner
527165230,1187,185000,20,RL,NA,7980,Pave,NA,IR1,Lvl,AllPub,Inside
528166090,2452,445000,20,RL,110,15274,Pave,NA,IR1,Lvl,AllPub,Corner
910203090,1200,119000,50,RM,58,8155,Pave,NA,Reg,Lvl,AllPub,Inside
535403190,951,143500,20,RL,62,8010,Pave,NA,Reg,Lvl,AllPub,Inside
902304060,2350,130000,190,RM,60,9600,Pave,Grvl,Reg,Lvl,AllPub,Inside
527107130,1628,189000,80,RL,60,8400,Pave,NA,Reg,Lvl,AllPub,Inside
911226030,864,65000,70,C (all),60,9000,Grvl,NA,Reg,Bnk,AllPub,Inside
531369020,1512,203000,20,RL,76,10141,Pave,NA,IR1,Lvl,AllPub,Inside
535354100,972,132000,20,RL,50,8000,Pave,NA,Reg,Lvl,AllPub,Inside
902405070,2495,184000,70,RM,60,10800,Pave,NA,Reg,Lvl,AllPub,Inside
902106060,2372,107500,70,RM,60,6600,Pave,NA,Reg,Lvl,AllPub,Corner
907414020,1500,190000,20,RL,63,8487,Pave,NA,Reg,Lvl,AllPub,FR2
535176050,1383,145250,20,RL,80,11600,Pave,NA,Reg,Lvl,AllPub,Inside
908102270,1486,167000,20,RL,75,9937,Pave,NA,Reg,Lvl,AllPub,Corner
534430050,816,129800,30,RL,60,8550,Pave,NA,Reg,Lvl,AllPub,Inside
532353030,1211,144000,20,RL,NA,9240,Pave,NA,IR1,Lvl,AllPub,Inside
534401110,1209,159000,20,RL,90,9900,Pave,NA,Reg,Lvl,AllPub,Corner
902402130,1363,125500,70,RM,60,7740,Pave,NA,Reg,Lvl,AllPub,Inside
905351089,1291,173000,120,RL,NA,2887,Pave,NA,Reg,HLS,AllPub,Inside
534403410,1152,180500,80,RL,NA,14112,Pave,NA,IR1,Lvl,AllPub,Corner
906225180,1440,224500,90,RL,73,9069,Pave,NA,Reg,Lvl,AllPub,Inside
903200080,1576,223500,70,RL,144,21384,Pave,NA,Reg,Lvl,AllPub,Inside
528186050,1577,280000,120,RL,48,7841,Pave,NA,IR1,Lvl,AllPub,Inside
533217050,1252,160000,160,FV,24,2160,Pave,Pave,Reg,Lvl,AllPub,Inside
907194130,1776,192500,60,RL,65,14006,Pave,NA,IR1,Lvl,AllPub,Inside
527110020,1474,168500,80,RL,NA,8530,Pave,NA,IR1,Lvl,AllPub,Inside
905450020,1689,127500,20,RL,73,9855,Pave,NA,Reg,Lvl,AllPub,Corner
528228415,1414,178740,120,RM,NA,3072,Pave,NA,Reg,Lvl,AllPub,Inside
535476110,941,145000,90,RL,75,8604,Pave,NA,IR1,Lvl,AllPub,Inside
528228430,1548,225000,120,RM,NA,3072,Pave,NA,Reg,Lvl,AllPub,Inside
907285100,1995,237000,60,RL,90,11250,Pave,NA,Reg,Lvl,AllPub,Corner
528280130,1792,186500,60,RL,93,10261,Pave,NA,IR1,Lvl,AllPub,Inside
905105200,892,137900,20,RL,65,7800,Pave,NA,Reg,Lvl,AllPub,Inside
905225040,1601,140000,80,RL,85,13825,Pave,NA,Reg,Lvl,AllPub,Inside
535106190,2274,154300,90,RL,80,11600,Pave,NA,Reg,Lvl,AllPub,Corner
534250410,1876,185000,60,RL,76,9120,Pave,NA,Reg,Lvl,AllPub,Inside
527301170,2093,215000,60,RL,46,20544,Pave,NA,IR1,Lvl,AllPub,CulDSac
923229140,1676,196000,20,RL,61,33983,Pave,NA,IR1,Lvl,AllPub,Inside
914474020,1491,209000,20,RL,70,9116,Pave,NA,Reg,Lvl,AllPub,Corner
909275160,1226,153500,20,RL,126,13108,Pave,NA,IR2,HLS,AllPub,Inside
908229020,864,99900,30,RL,56,4060,Pave,NA,Reg,Lvl,AllPub,Corner
911102180,1049,80900,50,C (all),52,5150,Pave,NA,Reg,Lvl,AllPub,Corner
528294070,2291,230000,60,RL,66,8738,Pave,NA,IR1,Lvl,AllPub,Inside
923203140,1189,160500,120,RM,32,4500,Pave,NA,Reg,Lvl,AllPub,FR2
528280230,2054,244000,60,RL,NA,12224,Pave,NA,IR1,Lvl,AllPub,Corner
532476080,2503,300000,60,RL,NA,19522,Pave,NA,IR1,Bnk,AllPub,Inside
527451400,987,89500,160,RM,21,1680,Pave,NA,Reg,Lvl,AllPub,Inside
535375140,869,89900,20,RL,60,10122,Pave,NA,Reg,Lvl,AllPub,Inside
527450280,987,111000,160,RM,21,1680,Pave,NA,Reg,Lvl,AllPub,Inside
535451170,1040,90000,90,RL,60,7200,Pave,NA,Reg,Lvl,AllPub,Inside
535350040,936,129000,20,RL,74,5868,Pave,NA,Reg,Lvl,AllPub,Inside
903225150,765,87000,30,RM,50,5000,Pave,NA,Reg,Lvl,AllPub,Inside
528275080,1889,215000,60,RL,NA,8658,Pave,NA,IR1,Lvl,AllPub,Inside
527328020,1032,148000,80,RL,NA,10395,Pave,NA,IR1,Lvl,AllPub,FR2
902402150,1022,85000,30,RM,60,7200,Pave,NA,Reg,Lvl,AllPub,Inside
534479130,1578,133000,50,RL,79,9490,Pave,NA,Reg,Lvl,AllPub,Inside
909455060,1020,200000,120,RM,35,3907,Pave,NA,IR1,Bnk,AllPub,Inside
527404180,874,97500,20,RL,60,7200,Pave,NA,Reg,Lvl,AllPub,Inside
906392080,1270,175900,20,RL,64,7242,Pave,NA,Reg,Lvl,AllPub,Inside
528172020,1904,275000,60,RL,74,10927,Pave,NA,Reg,Lvl,AllPub,Inside
905477050,1347,107500,190,RL,70,7000,Pave,NA,Reg,Lvl,AllPub,Inside
909177100,2650,160000,90,RH,60,7200,Pave,Pave,Reg,Lvl,AllPub,Inside
533208080,1250,171900,160,FV,35,4017,Pave,Pave,IR1,Lvl,AllPub,Inside
534427090,1095,140000,190,RL,75,10382,Pave,NA,Reg,Lvl,AllPub,Inside
902331010,816,58500,30,C (all),NA,3300,Pave,NA,Reg,Lvl,AllPub,Inside
907280090,1992,211000,60,RL,NA,15295,Pave,NA,IR3,Lvl,AllPub,Corner
533253070,1226,211500,120,RL,61,3782,Pave,NA,IR1,Lvl,AllPub,CulDSac
534277090,1362,140000,20,RL,NA,9450,Pave,NA,IR1,Lvl,AllPub,Corner
909475140,1801,289000,20,RL,100,15602,Pave,NA,IR1,Lvl,AllPub,Inside
534479240,1728,137000,60,RL,79,9462,Pave,NA,Reg,Lvl,AllPub,Inside
905427070,2108,235000,70,RL,120,13728,Pave,NA,Reg,Lvl,AllPub,Corner
535126140,1988,227000,60,RL,90,14670,Pave,NA,Reg,Lvl,AllPub,Inside
909279040,1180,137500,30,RL,80,11600,Pave,NA,Reg,Lvl,AllPub,Inside
902301130,1232,114000,70,RM,35,4571,Pave,Grvl,Reg,Lvl,AllPub,Inside
527404140,872,123000,20,RL,70,8294,Pave,NA,Reg,Lvl,AllPub,Inside
902103090,1657,111500,50,RM,60,5520,Pave,NA,Reg,Lvl,AllPub,Corner
527404020,1180,128000,20,RL,NA,7830,Pave,NA,IR1,Lvl,AllPub,Inside
902300110,1627,139500,190,RM,69,9142,Pave,NA,Reg,Lvl,AllPub,Inside
905480210,1510,108000,70,RL,60,9084,Pave,NA,Reg,Lvl,AllPub,Inside
533253160,1226,170000,120,RL,40,3876,Pave,NA,IR1,Lvl,AllPub,Inside
527108070,1746,377500,20,RL,42,14892,Pave,NA,IR1,HLS,AllPub,CulDSac
528280150,1430,170000,80,RL,76,9967,Pave,NA,IR1,Lvl,AllPub,Inside
527427210,1419,190000,120,RH,26,8773,Pave,NA,IR2,Lvl,AllPub,FR2
533221090,1573,177500,160,FV,NA,2117,Pave,NA,Reg,Lvl,AllPub,Inside
908102030,796,85000,30,RL,67,8777,Pave,NA,Reg,Lvl,AllPub,Inside
528235050,1509,183200,60,RL,NA,7861,Pave,NA,IR1,Lvl,AllPub,Inside
535402270,1040,163000,20,RL,77,11500,Pave,NA,IR1,Lvl,AllPub,Inside
902327040,1652,139000,50,RM,60,10800,Pave,NA,Reg,Lvl,AllPub,Inside
907290020,2097,274300,60,RL,75,9750,Pave,NA,Reg,Lvl,AllPub,Corner
526351010,1329,172000,20,RL,81,14267,Pave,NA,IR1,Lvl,AllPub,Corner
535325450,884,142000,20,RL,85,15428,Pave,NA,Reg,Lvl,AllPub,Inside
528441020,1971,253000,60,RL,75,9675,Pave,NA,Reg,Lvl,AllPub,Inside
909251080,1316,145000,70,RL,66,8969,Pave,NA,Reg,Bnk,AllPub,Inside
527302050,1422,175500,20,RL,78,12090,Pave,NA,IR1,Lvl,AllPub,Inside
909250200,1510,149000,70,RL,69,4899,Pave,NA,Reg,HLS,AllPub,Corner
527403310,1422,155000,20,RL,63,9457,Pave,NA,Reg,Lvl,AllPub,Inside
907125090,965,159000,85,RL,82,11105,Pave,NA,Reg,Lvl,AllPub,Corner
528118090,2790,460000,60,RL,96,12539,Pave,NA,Reg,Lvl,AllPub,Inside
902201130,1183,120000,50,RM,50,6000,Pave,NA,Reg,Lvl,AllPub,Inside
535105110,1254,158500,80,RL,100,9600,Pave,NA,IR1,Lvl,AllPub,Inside
903425280,1396,153575,70,RL,60,8730,Pave,NA,Reg,Lvl,AllPub,Inside
923276180,816,139000,20,RL,65,11625,Pave,NA,IR1,Lvl,AllPub,Inside
916326010,1707,228000,20,RL,NA,16669,Pave,NA,IR1,Lvl,AllPub,Corner
905107220,1458,165000,20,RL,NA,9535,Pave,NA,IR1,Lvl,AllPub,Inside
534453080,808,112000,20,RL,50,5175,Pave,NA,Reg,Lvl,AllPub,Inside
909455030,1034,185000,120,RM,35,3907,Pave,NA,IR1,HLS,AllPub,Inside
528235190,1598,201490,60,RL,59,9171,Pave,NA,IR1,Lvl,AllPub,Inside
527183030,1228,189000,120,RL,40,4671,Pave,NA,IR1,HLS,AllPub,Inside
914476520,1560,201000,20,RL,129,9196,Pave,NA,IR1,Lvl,AllPub,Inside
528458120,1959,270000,60,FV,75,9000,Pave,NA,Reg,Lvl,AllPub,Inside
528458070,1547,215200,60,FV,72,8640,Pave,NA,Reg,Lvl,AllPub,Inside
527375180,1116,167900,20,RL,78,10140,Pave,NA,Reg,Lvl,AllPub,Inside
902125080,1605,107400,50,RM,60,5790,Pave,NA,Reg,Lvl,AllPub,Corner
526355170,2223,244000,20,RL,95,13651,Pave,NA,IR1,Lvl,AllPub,Inside
903230100,1301,100000,30,RM,60,6911,Pave,NA,Reg,Lvl,AllPub,FR2
535353160,1544,138000,50,RL,60,14190,Pave,NA,Reg,Lvl,AllPub,Inside
535180100,1080,136000,20,RL,75,9464,Pave,NA,Reg,Lvl,AllPub,Corner
535125010,2207,180000,20,RL,NA,19900,Pave,NA,Reg,Lvl,AllPub,Inside
905107240,1721,180000,20,RL,78,10335,Pave,NA,IR1,Lvl,AllPub,Inside
908226180,774,79000,30,RH,70,4270,Pave,NA,Reg,Bnk,AllPub,Inside
914460020,1392,215000,20,RL,80,10000,Pave,NA,Reg,Lvl,AllPub,Inside
528106070,1652,325000,20,RL,108,13173,Pave,NA,IR1,Lvl,AllPub,Corner
910200040,1517,115000,50,RM,85,8500,Pave,NA,Reg,Lvl,AllPub,Corner
907420040,1396,170000,60,RL,85,11069,Pave,NA,Reg,Lvl,AllPub,Corner
532376090,1696,143900,20,RL,40,13673,Pave,NA,IR1,Lvl,AllPub,CulDSac
534451080,720,72500,20,RL,NA,6627,Pave,NA,IR1,Lvl,AllPub,Corner
903427090,1666,161000,70,RM,NA,5100,Pave,Grvl,Reg,Lvl,AllPub,Inside
531379030,1837,187000,60,RL,70,8304,Pave,NA,IR1,Lvl,AllPub,Inside
533352075,2620,190000,90,RL,NA,18890,Pave,NA,IR1,Lvl,AllPub,Inside
907227030,864,133500,20,RL,36,15523,Pave,NA,IR1,Lvl,AllPub,CulDSac
905100030,1382,148000,20,RL,75,11235,Pave,NA,Reg,Lvl,AllPub,Inside
533253210,1226,206000,120,RL,40,3880,Pave,NA,IR1,Lvl,AllPub,Inside
535425060,1312,186000,20,RL,76,11355,Pave,NA,IR1,Lvl,AllPub,Corner
534201240,1464,141000,60,RL,73,8814,Pave,NA,Reg,Lvl,AllPub,Inside
909100170,864,98000,30,RL,67,5604,Pave,NA,Reg,Lvl,AllPub,Inside
533350050,1842,385000,20,RL,68,50271,Pave,NA,IR1,Low,AllPub,Inside
909101100,1298,122000,50,RL,45,8212,Pave,Grvl,Reg,Lvl,AllPub,Inside
902301120,1928,137000,190,RM,69,9142,Pave,Grvl,Reg,Lvl,AllPub,Inside
909100110,1647,128000,70,RL,66,6858,Pave,NA,Reg,Bnk,AllPub,Corner
533236070,1607,200000,160,FV,24,2645,Pave,Pave,Reg,Lvl,AllPub,Inside
532354150,864,135000,20,RL,75,8100,Pave,NA,Reg,Lvl,AllPub,Inside
905102010,1020,165000,80,RL,65,14149,Pave,NA,IR1,Lvl,AllPub,Inside
911128020,1001,124900,30,C (all),60,6060,Pave,NA,Reg,Lvl,AllPub,Inside
902408080,2554,159500,70,RM,60,10800,Pave,Grvl,Reg,Bnk,AllPub,Inside
905105260,955,127000,20,RL,66,7742,Pave,NA,Reg,Lvl,AllPub,Inside
527110120,1600,169000,60,RL,57,8773,Pave,NA,IR1,HLS,AllPub,Inside
534430110,1008,137000,20,RL,NA,11425,Pave,NA,IR1,Lvl,AllPub,Corner
527165100,1482,163900,80,RL,NA,9125,Pave,NA,IR1,Lvl,AllPub,Inside
527162140,2299,204000,60,RL,60,7500,Pave,NA,Reg,Lvl,AllPub,Inside
916384080,1484,265900,20,RL,64,9037,Pave,NA,IR1,HLS,AllPub,Inside
533252130,1437,218000,20,RL,90,10768,Pave,NA,IR1,Lvl,AllPub,Corner
903476030,1812,140000,190,RM,76,7630,Pave,NA,Reg,Lvl,AllPub,Inside
908128060,1922,198500,85,RL,64,7301,Pave,NA,Reg,Lvl,AllPub,Corner
534252090,999,178400,85,RL,NA,12122,Pave,NA,IR1,Lvl,AllPub,Corner
535181030,1657,163500,20,RL,NA,12155,Pave,NA,IR3,Lvl,AllPub,Inside
902328040,1484,128000,75,RM,35,6300,Pave,Grvl,Reg,Lvl,AllPub,Inside
528178090,2690,370000,60,RL,112,16451,Pave,NA,IR1,Lvl,AllPub,Corner
902201090,1174,135000,50,RM,120,9000,Pave,NA,Reg,Lvl,AllPub,Corner
533212100,1200,151000,160,FV,30,3180,Pave,Pave,Reg,Lvl,AllPub,Inside
533125120,2826,334000,60,RL,105,11025,Pave,NA,Reg,HLS,AllPub,Inside
923252100,816,128500,20,RL,59,6490,Pave,NA,Reg,Lvl,AllPub,Inside
914478110,2048,170000,90,RL,NA,12760,Pave,NA,IR1,Lvl,AllPub,Inside
535101110,1584,119000,90,RL,NA,8917,Pave,NA,IR1,Lvl,AllPub,Inside
907135050,990,146000,20,RL,60,8428,Pave,NA,IR2,Lvl,AllPub,Inside
532353020,980,110000,20,RL,63,9750,Pave,NA,IR1,Lvl,AllPub,Inside
907130060,1200,177500,20,RL,105,11249,Pave,NA,IR2,Lvl,AllPub,Inside
904100170,1640,131000,20,RL,100,21370,Pave,NA,Reg,Lvl,AllPub,FR2
923202105,1430,173500,20,RL,93,10114,Pave,NA,Reg,Lvl,AllPub,Inside
905200010,912,129000,20,RL,NA,8169,Pave,NA,Reg,Lvl,AllPub,Corner
907131120,1796,211000,60,RL,NA,9531,Pave,NA,IR1,Lvl,AllPub,CulDSac
902106070,1296,127500,50,RM,50,6000,Pave,Grvl,Reg,Lvl,AllPub,Inside
534226120,925,117500,20,RL,70,9100,Pave,NA,Reg,Lvl,AllPub,Inside
535402120,1716,171000,60,RL,70,9247,Pave,NA,IR1,Lvl,AllPub,Inside
904301375,904,61000,30,RL,NA,10020,Pave,NA,IR1,Low,AllPub,Inside
527451540,987,97000,160,RM,21,1680,Pave,NA,Reg,Lvl,AllPub,Inside
534427040,1252,142000,20,RL,80,10721,Pave,NA,IR1,Lvl,AllPub,Inside
909282060,1609,199500,70,RL,70,12320,Pave,NA,IR1,HLS,AllPub,Inside
902204060,960,135500,190,RM,50,6000,Pave,NA,Reg,Lvl,AllPub,Inside
907405030,1700,200000,20,RL,70,9135,Pave,NA,Reg,Lvl,AllPub,Inside
902401120,2775,325000,75,RM,75,13500,Pave,NA,Reg,Lvl,AllPub,Inside
923204040,1200,173000,85,RL,150,14137,Pave,NA,Reg,Lvl,AllPub,Corner
903227020,1196,128000,50,RM,50,6000,Pave,NA,Reg,Lvl,AllPub,Inside
907401090,1668,232000,20,RL,48,10635,Pave,NA,IR2,Lvl,AllPub,FR2
534202130,912,147000,20,RL,72,8872,Pave,NA,Reg,Lvl,AllPub,Corner
534401190,1136,140000,20,RL,80,9200,Pave,NA,Reg,Lvl,AllPub,Inside
534477030,2136,137900,20,RL,89,10680,Pave,NA,Reg,Lvl,AllPub,Inside
902110090,1347,143000,20,RM,69,5805,Pave,Grvl,Reg,Bnk,AllPub,Inside
535325320,1540,115000,50,RL,55,7150,Pave,NA,Reg,Lvl,AllPub,Inside
535457020,1377,156500,20,RL,80,8000,Pave,NA,Reg,Lvl,AllPub,Inside
902328100,1690,144000,75,RM,65,8850,Pave,NA,IR1,Bnk,AllPub,Corner
533128090,1624,262000,20,RL,89,12461,Pave,NA,Reg,Lvl,AllPub,Corner
528110020,2674,610000,20,RL,105,13693,Pave,NA,Reg,Lvl,AllPub,Inside
907135040,1097,145000,20,RL,112,10859,Pave,NA,Reg,Lvl,AllPub,Corner
905202210,1000,164000,20,RL,87,13050,Pave,NA,Reg,Low,AllPub,Inside
902109160,1740,122250,50,RM,81,7308,Pave,NA,Reg,Lvl,AllPub,Corner
533212110,1223,147400,160,FV,24,2544,Pave,Pave,Reg,Lvl,AllPub,Inside
910205120,1107,110000,50,RM,50,9140,Pave,NA,Reg,HLS,AllPub,Inside
535451210,1040,109900,20,RL,60,7200,Pave,NA,Reg,Lvl,AllPub,Inside
531479020,784,76000,45,RH,60,9000,Pave,NA,Reg,Lvl,AllPub,Corner
535105030,1144,139950,20,RL,75,7875,Pave,NA,Reg,Lvl,AllPub,Inside
527164090,1481,174000,60,RL,65,8125,Pave,NA,Reg,Lvl,AllPub,Inside
535477090,1117,136870,20,RL,69,7590,Pave,NA,Reg,Lvl,AllPub,Inside
908228040,1221,104900,50,RL,60,9738,Pave,NA,Reg,Lvl,AllPub,Inside
905103110,1040,123000,20,RL,NA,11677,Pave,NA,IR1,Lvl,AllPub,Inside
528120170,1531,300000,20,RL,77,10872,Pave,NA,IR1,Lvl,AllPub,Inside
923201100,1008,139500,20,RL,75,12518,Pave,NA,IR1,Lvl,AllPub,Inside
527358060,1484,175000,20,RL,70,12243,Pave,NA,IR1,Lvl,AllPub,Inside
527353060,2673,249000,60,RL,NA,12388,Pave,NA,IR1,Lvl,AllPub,Inside
902401130,1482,143000,70,RM,50,9000,Pave,NA,Reg,Lvl,AllPub,Inside
534451120,869,85500,30,RL,51,5900,Pave,NA,IR1,Bnk,AllPub,Inside
528106020,2402,555000,20,RL,105,15431,Pave,NA,Reg,Lvl,AllPub,Inside
534425080,1429,181900,20,RL,NA,14585,Pave,NA,IR1,Lvl,AllPub,CulDSac
907203060,882,112500,20,RL,70,7700,Pave,NA,Reg,Lvl,AllPub,Corner
905101490,1121,139000,20,RL,80,8816,Pave,NA,Reg,Lvl,AllPub,Corner
534476100,1216,135000,20,RL,80,9600,Pave,NA,Reg,Lvl,AllPub,Inside
903235100,520,68500,30,RM,60,6324,Pave,NA,IR1,Lvl,AllPub,Inside
903429080,1826,155000,70,RM,50,2500,Pave,Pave,Reg,Lvl,AllPub,Corner
532354090,1155,148000,85,RL,88,11782,Pave,NA,IR1,Lvl,AllPub,Inside
532378200,912,142000,20,RL,65,6768,Pave,NA,IR1,Lvl,AllPub,Inside
527190220,1742,275000,120,RL,NA,6563,Pave,NA,IR1,Low,AllPub,CulDSac
905300020,904,144000,80,RL,NA,10200,Pave,NA,Reg,Lvl,AllPub,Inside
534278070,1728,177625,20,RL,NA,13495,Pave,NA,IR1,Lvl,AllPub,Corner
902101050,1668,135000,50,RM,60,9600,Pave,Grvl,Reg,Lvl,AllPub,Inside
909451020,1032,116500,160,RM,24,1879,Pave,NA,Reg,Lvl,AllPub,CulDSac
923226150,1652,146500,90,RL,NA,11836,Pave,NA,IR1,Lvl,AllPub,Corner
902102060,1539,157500,70,RM,60,10440,Pave,Grvl,Reg,Lvl,AllPub,Inside
905107110,1373,160250,90,RL,NA,7424,Pave,NA,IR1,Lvl,AllPub,Inside
907181090,1749,196000,60,RL,68,9272,Pave,NA,IR1,Lvl,AllPub,Inside
535178100,1370,148000,80,RL,125,10000,Pave,NA,Reg,Lvl,AllPub,Corner
528250070,1948,211000,60,RL,63,7875,Pave,NA,Reg,Lvl,AllPub,Inside
907250050,2000,305900,20,RL,80,10386,Pave,NA,Reg,Lvl,AllPub,Inside
535152060,1056,139000,20,RL,70,8176,Pave,NA,Reg,Lvl,AllPub,Inside
535354070,1200,129900,20,RL,60,9600,Pave,NA,Reg,Lvl,AllPub,Inside
535104120,1453,187500,20,RL,92,10573,Pave,NA,IR1,Lvl,AllPub,Corner
902102080,1230,110000,50,RM,60,10440,Pave,Grvl,Reg,Lvl,AllPub,Corner
904100030,1422,137500,50,RL,82,12375,Pave,NA,Reg,Lvl,AllPub,Inside
527403040,1026,156000,20,RL,61,7930,Pave,NA,Reg,Lvl,AllPub,Inside
902100030,764,73000,30,RM,30,5232,Pave,Grvl,IR3,Bnk,AllPub,Inside
906403060,1873,207000,60,RL,NA,8883,Pave,NA,IR1,Lvl,AllPub,Inside
905201090,1437,168000,20,RL,NA,14175,Pave,NA,Reg,Bnk,AllPub,Corner
533212120,1223,149900,160,FV,24,2544,Pave,Pave,Reg,Lvl,AllPub,Inside
528280180,1892,226750,60,RL,71,8220,Pave,NA,IR1,Lvl,AllPub,Inside
533253090,1226,190000,120,RL,40,3874,Pave,NA,IR1,Lvl,AllPub,Inside
535457070,1150,146000,20,RL,70,7000,Pave,NA,Reg,Lvl,AllPub,Inside
923225390,945,119500,120,RM,31,2394,Pave,NA,Reg,Low,AllPub,Inside
528228285,1145,160000,120,RL,43,3203,Pave,NA,Reg,Lvl,AllPub,Inside
527301080,1440,182900,20,RL,NA,12546,Pave,NA,IR1,Lvl,AllPub,Corner
903427120,1768,155000,70,RM,57,8094,Pave,Grvl,Reg,Lvl,AllPub,Inside
907201230,1282,174000,80,RL,42,10385,Pave,NA,IR1,Lvl,AllPub,CulDSac
527451640,987,118000,160,RM,21,1680,Pave,NA,Reg,Lvl,AllPub,Inside
906223040,1958,220000,60,RL,75,9317,Pave,NA,Reg,Lvl,AllPub,Inside
902300260,1450,132000,75,RM,53,5350,Pave,NA,Reg,Lvl,AllPub,Corner
907412090,1234,179900,20,RL,85,11049,Pave,NA,Reg,Lvl,AllPub,Corner
527105060,1525,183500,60,RL,60,8238,Pave,NA,IR1,Lvl,AllPub,Inside
914453045,2032,300000,20,RL,NA,23730,Pave,NA,IR2,Lvl,AllPub,Inside
909451100,1229,137000,160,RM,24,1488,Pave,NA,Reg,Lvl,AllPub,Inside
535327200,928,132000,20,RL,70,13300,Pave,NA,Reg,Lvl,AllPub,Inside
533215040,1419,290000,120,FV,42,4385,Pave,NA,IR1,Lvl,AllPub,Inside
528175050,1358,212500,120,RL,80,10307,Pave,NA,IR1,Lvl,AllPub,Inside
533212010,1200,151000,160,FV,30,3182,Pave,Pave,Reg,Lvl,AllPub,Inside
904302260,1392,100000,190,RL,60,9900,Pave,NA,Reg,Lvl,AllPub,Inside
527425110,864,130000,20,RL,60,9000,Pave,NA,Reg,Lvl,AllPub,FR2
907194010,1840,230000,60,RL,79,12420,Pave,NA,Reg,Lvl,AllPub,Inside
527216070,3279,538000,60,RL,47,53504,Pave,NA,IR2,HLS,AllPub,CulDSac
528327060,2633,466500,20,RL,NA,11400,Pave,NA,Reg,Lvl,AllPub,Inside
535155110,1056,139400,20,RL,80,9250,Pave,NA,Reg,Lvl,AllPub,Corner
528363050,2063,315000,20,RL,NA,10750,Pave,NA,IR1,Lvl,AllPub,CulDSac
535402230,1207,147000,20,RL,77,9510,Pave,NA,Reg,Lvl,AllPub,Inside
528290010,1490,184000,60,RL,60,15384,Pave,NA,IR1,Lvl,AllPub,Inside
528231020,1374,184500,80,RL,67,13300,Pave,NA,IR1,Lvl,AllPub,Inside
905377050,1242,109900,20,RL,84,17808,Pave,NA,Reg,Lvl,AllPub,Inside
902325160,1440,79000,50,RM,63,5000,Pave,NA,Reg,Lvl,AllPub,Corner
908188130,1709,130000,160,RM,24,2522,Pave,NA,Reg,Lvl,AllPub,Inside
527107040,1572,168000,60,RL,NA,10364,Pave,NA,IR1,Lvl,AllPub,Inside
902401010,1111,116900,50,RM,NA,5700,Pave,NA,Reg,Lvl,AllPub,Inside
907201220,907,140000,20,RL,NA,16269,Pave,NA,IR1,Lvl,AllPub,CulDSac
527356060,1552,179900,60,RL,85,11475,Pave,NA,Reg,Lvl,AllPub,Inside
528186090,1561,277500,120,RL,60,7313,Pave,NA,Reg,Lvl,AllPub,Inside
905202230,1252,235000,20,RL,NA,13500,Pave,NA,Reg,Lvl,AllPub,Inside
909254090,1426,189950,50,RL,55,7642,Pave,NA,Reg,Lvl,AllPub,Corner
535305120,1575,155000,20,RL,75,10170,Pave,NA,Reg,Lvl,AllPub,Corner
535181140,1411,130000,20,RL,70,12198,Pave,NA,IR1,Lvl,AllPub,Inside
528441080,1694,307000,20,RL,75,10084,Pave,NA,Reg,Lvl,AllPub,Inside
535301160,1560,128600,90,RL,70,8078,Pave,NA,Reg,Lvl,AllPub,Inside
907125040,1022,139500,20,RL,NA,14217,Pave,NA,IR2,Lvl,AllPub,CulDSac
527452290,1387,145000,20,RL,65,7514,Pave,NA,Reg,Lvl,AllPub,Inside
905202090,1067,128000,20,RL,60,9600,Pave,NA,Reg,Lvl,AllPub,Inside
535380110,672,86900,30,RL,60,5400,Pave,NA,Reg,Lvl,AllPub,Corner
903228040,1497,157000,50,RM,50,6000,Pave,NA,Reg,Lvl,AllPub,Inside
909475040,2365,315000,20,RL,NA,17597,Pave,NA,Reg,Bnk,AllPub,Inside
528365080,2197,287500,60,RL,91,10010,Pave,NA,Reg,Lvl,AllPub,Inside
903228070,1142,93000,50,RM,60,6000,Pave,NA,Reg,Lvl,AllPub,Corner
907180120,1588,214000,20,RL,78,10264,Pave,NA,IR1,Lvl,AllPub,Inside
528164060,2470,615000,20,RL,106,12720,Pave,NA,Reg,HLS,AllPub,Inside
528275060,1664,172400,60,RL,NA,8121,Pave,NA,IR1,Lvl,AllPub,Inside
528429110,1464,282922,20,RL,49,15256,Pave,NA,IR1,Lvl,AllPub,CulDSac
535425040,1773,183000,20,RL,80,10800,Pave,NA,Reg,Lvl,AllPub,Inside
535403150,1194,159500,20,RL,79,8910,Pave,NA,Reg,Lvl,AllPub,Corner
905106140,1352,158000,60,RL,80,9364,Pave,NA,Reg,Lvl,AllPub,Corner
905101450,1068,154500,20,RL,70,8414,Pave,NA,Reg,Lvl,AllPub,Inside
528188160,1405,200000,120,RL,48,3242,Pave,NA,Reg,Lvl,AllPub,Inside
528186030,1518,274000,120,RL,62,12677,Pave,NA,IR1,Lvl,AllPub,Inside
535476360,1851,187000,60,RL,80,9760,Pave,NA,Reg,Lvl,AllPub,Inside
534128100,1395,162000,60,RL,NA,12936,Pave,NA,IR1,Lvl,AllPub,CulDSac
909428340,1488,215000,20,RL,NA,21579,Pave,NA,IR1,Lvl,AllPub,CulDSac
914452120,912,156000,85,RL,NA,7540,Pave,NA,IR1,Lvl,AllPub,CulDSac
533221110,1512,177000,160,FV,NA,2980,Pave,NA,Reg,Lvl,AllPub,Corner
906201200,2730,301000,60,RL,86,10380,Pave,NA,IR1,Lvl,AllPub,Inside
535453160,1040,133700,20,RL,70,7560,Pave,NA,Reg,Lvl,AllPub,Inside
534201280,1052,138500,20,RL,70,8400,Pave,NA,Reg,Lvl,AllPub,Inside
907255050,1787,275000,20,RL,NA,14781,Pave,NA,IR2,Lvl,AllPub,CulDSac
534129080,1724,197900,80,RL,NA,17871,Pave,NA,IR1,Lvl,AllPub,CulDSac
902206040,1316,130000,50,RM,50,5500,Pave,NA,Reg,Lvl,AllPub,Corner
905105070,1060,154000,20,RL,NA,8246,Pave,NA,IR1,Lvl,AllPub,Inside
527451180,987,96000,160,RM,21,1680,Pave,NA,Reg,Lvl,AllPub,Inside
903225160,1290,106900,70,RM,59,5870,Pave,NA,Reg,Lvl,AllPub,Corner
905451410,1057,137000,20,RL,70,10519,Pave,NA,Reg,Lvl,AllPub,Inside
906380210,1290,200000,20,RL,64,6762,Pave,NA,Reg,Lvl,AllPub,Inside
535456010,1556,119000,90,RL,75,8512,Pave,NA,Reg,Lvl,AllPub,Corner
527404120,882,126000,20,RL,70,8400,Pave,NA,Reg,Lvl,AllPub,Corner
907275140,1828,279500,20,RL,NA,12782,Pave,NA,Reg,Lvl,AllPub,Inside
906201130,2132,316600,50,RL,79,12327,Pave,NA,IR1,Low,AllPub,Inside
916403040,1240,174000,20,RL,42,10331,Pave,NA,Reg,Lvl,AllPub,CulDSac
528178010,2200,382500,20,RL,117,15262,Pave,NA,IR1,Lvl,AllPub,Corner
527359180,1868,197500,60,RL,NA,10304,Pave,NA,IR1,Lvl,AllPub,CulDSac
535354050,893,135000,45,RL,60,9600,Pave,NA,Reg,Lvl,AllPub,Inside
532376160,894,138500,20,RL,65,8450,Pave,NA,Reg,Lvl,AllPub,Inside
914476020,1734,126000,90,RL,75,10125,Pave,NA,Reg,Lvl,AllPub,Inside
527402200,1004,149000,20,RL,NA,11241,Pave,NA,IR1,Lvl,AllPub,CulDSac
528458140,1530,250000,20,FV,112,12606,Pave,NA,IR1,Lvl,AllPub,Inside
904100140,2403,244400,70,RL,NA,24090,Pave,NA,Reg,Lvl,AllPub,Inside
527451550,1302,111750,160,RM,21,1680,Pave,NA,Reg,Lvl,AllPub,Inside
902106010,1558,150000,70,RM,57,6406,Pave,Grvl,Reg,Lvl,AllPub,Inside
528315030,2392,348000,60,RL,82,9452,Pave,NA,Reg,Lvl,AllPub,Inside
914478020,918,148000,80,RL,NA,8750,Pave,NA,IR1,Lvl,AllPub,Inside
526350040,896,105000,20,RH,80,11622,Pave,NA,Reg,Lvl,AllPub,Inside
528326110,2172,291000,60,RL,NA,11000,Pave,NA,Reg,Lvl,AllPub,FR2
923203010,936,140000,120,RM,62,6710,Pave,NA,IR1,Lvl,AllPub,FR3
531376050,1585,184900,60,RL,74,7632,Pave,NA,IR1,Lvl,AllPub,Inside
528231050,1838,192140,60,RL,60,21930,Pave,NA,IR3,Lvl,AllPub,Inside
528176070,2250,320000,60,RL,105,13650,Pave,NA,Reg,Lvl,AllPub,Corner
527375160,1875,184500,80,RL,81,10530,Pave,NA,Reg,Lvl,AllPub,Inside
904100100,2267,219000,70,RL,107,12888,Pave,NA,Reg,Bnk,AllPub,Inside
534403040,1302,158000,80,RL,85,9350,Pave,NA,Reg,Lvl,AllPub,Inside
528164040,1792,374000,20,RL,72,11846,Pave,NA,IR1,HLS,AllPub,Inside
907202220,879,120000,20,RL,75,9675,Pave,NA,Reg,Lvl,AllPub,Corner
527105070,1608,189500,60,RL,88,10179,Pave,NA,IR1,Lvl,AllPub,Corner
905452040,1639,154400,60,RL,50,9350,Pave,NA,Reg,Bnk,AllPub,Inside
534251320,1328,143000,20,RL,NA,9790,Pave,NA,Reg,Lvl,AllPub,Inside
531477040,2020,144000,90,RH,60,8400,Pave,NA,Reg,Lvl,AllPub,Inside
535153070,1194,148000,20,RL,73,8760,Pave,NA,Reg,Lvl,AllPub,Inside
903454090,1375,141000,50,RM,50,9000,Pave,NA,Reg,Bnk,AllPub,Inside
528482030,2443,265000,60,FV,85,10625,Pave,NA,Reg,Lvl,AllPub,Inside
531373060,1663,192500,60,RL,67,12774,Pave,NA,Reg,Lvl,AllPub,FR2
527182170,2090,207500,160,RL,NA,5062,Pave,NA,IR1,Lvl,AllPub,CulDSac
527453060,1456,148500,160,RL,24,2280,Pave,NA,Reg,Lvl,AllPub,FR2
528110010,2296,451950,60,RL,97,13478,Pave,NA,IR1,Lvl,AllPub,Corner
907203070,876,127000,20,RL,68,7480,Pave,NA,Reg,Lvl,AllPub,Inside
527107240,1511,185000,60,RL,70,11207,Pave,NA,IR1,HLS,AllPub,FR2
923229110,1728,150900,90,RL,55,12640,Pave,NA,IR1,Lvl,AllPub,Inside
535104020,1362,163000,20,RL,80,10197,Pave,NA,IR1,Lvl,AllPub,Inside
535325290,1005,115000,20,RL,60,10434,Pave,NA,Reg,Lvl,AllPub,Inside
909175100,1694,136500,50,RL,60,8400,Pave,NA,Reg,Bnk,AllPub,Inside
528480090,1468,271500,20,FV,84,10440,Pave,NA,Reg,Lvl,AllPub,Corner
528188060,1626,173000,160,RL,36,2268,Pave,NA,Reg,Lvl,AllPub,Inside
909250030,1666,100000,50,RL,51,9839,Pave,NA,Reg,Lvl,AllPub,Inside
533130130,2349,362500,60,RL,85,13143,Pave,NA,IR1,Lvl,AllPub,Inside
905401020,2422,255000,20,RL,102,12671,Pave,NA,IR1,Lvl,AllPub,Corner
905101330,1296,90000,90,RL,72,10791,Pave,NA,Reg,Lvl,AllPub,Inside
534178010,1052,127000,20,RL,80,10800,Pave,NA,Reg,Lvl,AllPub,Inside
534102025,1492,230000,20,FV,80,8000,Pave,NA,Reg,Lvl,AllPub,Inside
528228345,1455,195000,120,RL,NA,3940,Pave,NA,Reg,Lvl,AllPub,Inside
527451020,1302,106000,160,RM,24,2016,Pave,NA,Reg,Lvl,AllPub,Inside
909256010,1465,131000,50,RL,84,10164,Pave,NA,Reg,Bnk,AllPub,Inside
905104030,913,129000,85,RL,70,8400,Pave,NA,Reg,Lvl,AllPub,Inside
907414030,1414,185500,20,RL,65,8773,Pave,NA,Reg,Lvl,AllPub,FR2
907230240,1320,137000,160,RH,NA,3612,Pave,NA,IR1,Lvl,AllPub,Inside
532353050,912,144000,20,RL,NA,12968,Pave,NA,IR2,Lvl,AllPub,Inside
528320060,3627,625000,60,RL,118,35760,Pave,NA,IR1,Lvl,AllPub,CulDSac
528290090,1414,176000,60,RL,NA,7750,Pave,NA,Reg,Lvl,AllPub,Inside
906475110,2087,187500,60,RL,NA,12205,Pave,NA,IR1,Low,AllPub,Inside
534127140,1082,162500,85,RL,NA,8723,Pave,NA,IR1,Lvl,AllPub,Inside
907425010,848,149300,120,RM,NA,4426,Pave,NA,Reg,Lvl,AllPub,Inside
527404150,858,110000,20,RL,NA,7340,Pave,NA,IR1,Lvl,AllPub,Inside
903456090,754,84500,190,RM,60,6780,Pave,NA,Reg,Lvl,AllPub,Inside
903228090,1013,113000,45,RM,50,5000,Pave,NA,Reg,Bnk,AllPub,Inside
923225240,1475,127000,160,RM,41,2665,Pave,NA,Reg,Lvl,AllPub,Inside
528228445,1504,191000,120,RL,43,3182,Pave,NA,Reg,Lvl,AllPub,Inside
527108040,1801,239900,60,RL,72,10463,Pave,NA,IR1,HLS,AllPub,CulDSac
534278150,1187,140500,20,RL,NA,14357,Pave,NA,IR1,Lvl,AllPub,CulDSac
527256030,2234,441929,20,RL,85,14082,Pave,NA,IR1,HLS,AllPub,Inside
905377010,1229,135000,20,RL,NA,17140,Pave,NA,Reg,Lvl,AllPub,Inside
533130170,2872,285000,50,RL,85,10678,Pave,NA,Reg,Lvl,AllPub,Inside
532354010,970,132500,20,RL,80,8480,Pave,NA,Reg,Lvl,AllPub,Corner
527354050,1353,192350,20,RL,80,10400,Pave,NA,Reg,Lvl,AllPub,Inside
923229100,1356,188000,80,RL,NA,15957,Pave,NA,IR1,Low,AllPub,Corner
903206070,1738,153000,50,RL,NA,7010,Pave,NA,Reg,Lvl,AllPub,Inside
528292070,2060,214000,60,RL,NA,8755,Pave,NA,IR1,Lvl,AllPub,FR2
906200230,1822,228500,50,RL,104,23920,Pave,NA,Reg,Lvl,AllPub,Inside
905351045,1700,148400,150,RL,NA,1700,Pave,NA,Reg,HLS,AllPub,Inside
907252190,1673,270000,20,RL,NA,11354,Pave,NA,Reg,Lvl,AllPub,Inside
916402125,1137,176000,20,RL,54,13811,Pave,NA,IR1,Lvl,AllPub,Inside
535153140,1440,185000,20,RL,82,9840,Pave,NA,Reg,Lvl,AllPub,Inside
527301245,1688,226500,20,RL,63,12680,Pave,NA,IR1,Lvl,AllPub,Inside
908102050,1126,108000,20,RL,67,8777,Pave,NA,Reg,Lvl,AllPub,Inside
535300040,1216,129500,20,RL,75,10050,Pave,NA,Reg,Lvl,AllPub,Inside
924151040,1803,285000,20,RL,76,9892,Pave,NA,Reg,Lvl,AllPub,Inside
527110080,1470,177000,60,RL,NA,13869,Pave,NA,IR2,Lvl,AllPub,Corner
905101070,1005,115400,20,RL,62,14299,Pave,NA,Reg,Lvl,AllPub,Inside
905476170,605,86000,30,RL,58,9098,Pave,NA,IR1,Lvl,AllPub,Inside
533215030,1310,285000,120,FV,NA,4538,Pave,NA,IR1,Lvl,AllPub,Inside
527328050,1177,151500,20,RL,79,11850,Pave,NA,Reg,Lvl,AllPub,FR2
526355190,2217,268000,20,RL,95,15865,Pave,NA,IR1,Lvl,AllPub,Inside
534252110,1422,139900,20,RL,NA,12342,Pave,NA,IR1,Lvl,AllPub,Inside
905103180,934,132000,80,RL,80,10366,Pave,NA,IR1,Lvl,AllPub,Corner
907125120,990,126000,20,RL,65,8775,Pave,NA,Reg,Lvl,AllPub,Inside
527455240,892,100000,20,RL,65,7150,Pave,NA,Reg,Lvl,AllPub,Inside
923275080,1003,142500,80,RL,37,7937,Pave,NA,IR1,Lvl,AllPub,CulDSac
902104020,1416,156500,50,RM,60,9600,Pave,Grvl,Reg,Lvl,AllPub,Inside
527164060,1593,178000,60,RL,NA,9636,Pave,NA,IR1,Lvl,AllPub,Corner
911225110,936,78000,50,C (all),60,8520,Grvl,NA,Reg,Bnk,AllPub,Inside
916475110,1908,202900,60,RL,85,14191,Pave,NA,Reg,Lvl,AllPub,Inside
535375040,713,99800,30,RL,60,10410,Pave,Grvl,Reg,Lvl,AllPub,Inside
535450210,1224,132000,50,RL,60,8064,Pave,NA,Reg,Lvl,AllPub,Inside
527165130,1167,173000,20,RL,NA,9248,Pave,NA,IR1,Lvl,AllPub,Inside
528290140,1671,173000,60,RL,58,10852,Pave,NA,IR1,Lvl,AllPub,Inside
534125120,1152,143450,20,RL,78,11700,Pave,NA,Reg,Lvl,AllPub,Inside
909425060,1564,174500,70,RL,75,12000,Pave,NA,Reg,Bnk,AllPub,Inside
527161040,1382,177500,80,RL,57,8923,Pave,NA,IR1,Lvl,AllPub,Inside
535450310,1846,143000,50,RL,78,10496,Pave,NA,Reg,Lvl,AllPub,Inside
903458110,1406,89500,50,RM,NA,7920,Pave,Grvl,IR1,Lvl,AllPub,Inside
535302130,1152,137500,20,RL,102,9373,Pave,NA,IR1,Lvl,AllPub,Corner
534129040,1829,218500,20,RL,NA,10456,Pave,NA,IR1,Lvl,AllPub,Inside
527161010,1604,181000,60,RL,100,10839,Pave,NA,IR1,Lvl,AllPub,Corner
909282030,3447,381000,50,RL,NA,14100,Pave,NA,IR1,Lvl,AllPub,Inside
527106140,1604,195500,60,RL,59,9535,Pave,NA,IR1,Lvl,AllPub,Inside
907202050,1040,150500,20,RL,61,8800,Pave,NA,IR1,Lvl,AllPub,Inside
906230010,2787,269500,90,RL,NA,11855,Pave,NA,Reg,Lvl,AllPub,Inside
916460070,1403,202000,20,RL,NA,8098,Pave,NA,IR1,Lvl,AllPub,Inside
527356020,2784,250000,60,RL,80,16692,Pave,NA,IR1,Lvl,AllPub,Inside
907196040,1823,235000,60,RL,75,12192,Pave,NA,IR1,Lvl,AllPub,Inside
527405160,864,120500,20,RL,60,6960,Pave,NA,Reg,Lvl,AllPub,Inside
528174050,1358,213000,120,RL,47,6904,Pave,NA,IR1,Lvl,AllPub,Inside
527450220,1218,113700,160,RM,21,2058,Pave,NA,Reg,Lvl,AllPub,Inside
528250030,1986,213000,60,RL,NA,8396,Pave,NA,IR1,Lvl,AllPub,Inside
528390210,1850,248000,60,RL,NA,29959,Pave,NA,IR2,Lvl,AllPub,FR2
534478230,1113,147000,20,RL,80,9600,Pave,NA,Reg,Lvl,AllPub,Inside
535457090,1175,148000,20,RL,81,7635,Pave,NA,IR1,Lvl,AllPub,Corner
527226020,1474,115000,20,RL,NA,31220,Pave,NA,IR1,Bnk,NoSewr,FR2
903231010,1539,141500,50,RM,51,6120,Pave,NA,Reg,Lvl,AllPub,Corner
905200260,1774,165000,80,RL,88,15400,Pave,NA,Reg,Lvl,AllPub,Inside
535453150,1170,140000,20,RL,70,7315,Pave,NA,Reg,Lvl,AllPub,Inside
527183060,1337,188500,120,RL,65,5950,Pave,NA,IR1,HLS,AllPub,Inside
527258020,1530,260000,20,RL,124,16158,Pave,NA,IR1,Low,AllPub,Inside
907130110,1499,187000,60,RL,65,12438,Pave,NA,IR1,Lvl,AllPub,Inside
535455090,1278,127500,50,RL,60,7200,Pave,NA,Reg,Lvl,AllPub,Inside
533206050,1391,196000,120,FV,59,4282,Pave,Pave,IR2,Lvl,AllPub,Inside
527427230,1337,184000,120,RH,26,5858,Pave,NA,IR1,Lvl,AllPub,FR2
907252220,1872,261500,60,RL,NA,11885,Pave,NA,Reg,Lvl,AllPub,Inside
531375140,1094,149000,20,RL,60,12450,Pave,NA,Reg,Lvl,AllPub,Inside
526353050,2117,237500,20,RL,NA,12925,Pave,NA,IR1,Lvl,AllPub,Corner
534277060,907,109008,20,RL,77,8593,Pave,NA,IR1,Lvl,AllPub,Inside
534125210,1193,146500,190,RL,79,13110,Pave,NA,IR1,Lvl,AllPub,Corner
906426210,1759,233500,60,RL,NA,16698,Pave,NA,IR1,HLS,AllPub,CulDSac
923252080,845,129500,20,RL,69,7599,Pave,NA,Reg,Lvl,AllPub,Corner
535477180,864,125500,20,RL,60,6600,Pave,NA,Reg,Lvl,AllPub,Inside
534476260,1520,153000,80,RL,80,9600,Pave,NA,Reg,Lvl,AllPub,Inside
534151120,2288,230000,60,RL,NA,13774,Pave,NA,IR1,Lvl,AllPub,Inside
535101120,1584,124000,90,RL,65,8944,Pave,NA,Reg,Lvl,AllPub,Inside
534176230,1645,171000,60,RL,80,9600,Pave,NA,Reg,Lvl,AllPub,Inside
534451170,729,52000,30,RL,56,4130,Pave,NA,IR1,Lvl,AllPub,Inside
534475185,1505,149500,20,RL,128,12160,Pave,NA,Reg,Lvl,AllPub,Inside
528480160,1665,205950,60,FV,65,8125,Pave,NA,Reg,Lvl,AllPub,Inside
905479110,1164,125000,190,RL,68,10880,Pave,NA,Reg,Lvl,AllPub,Inside
533208050,1247,197000,120,FV,37,3316,Pave,Pave,IR1,Lvl,AllPub,Inside
923226300,1092,85500,160,RM,21,1504,Pave,NA,Reg,Lvl,AllPub,Inside
527107120,1776,202000,60,RL,54,9783,Pave,NA,IR1,Lvl,AllPub,Inside
909425085,2161,263400,50,RL,70,12392,Pave,NA,Reg,Bnk,AllPub,Inside
916460020,1491,178000,20,RL,NA,7777,Pave,NA,IR1,Lvl,AllPub,Inside
909175050,2192,179500,75,RL,60,8400,Pave,NA,Reg,Bnk,AllPub,Inside
914478045,1034,169900,80,RL,NA,12328,Pave,NA,IR1,Lvl,AllPub,Inside
903430080,1324,122000,70,RM,52,3068,Pave,Grvl,Reg,Lvl,AllPub,Inside
528142020,2088,250000,60,RL,74,8899,Pave,NA,Reg,Lvl,AllPub,Inside
903484110,1403,116000,190,RM,60,10320,Pave,Grvl,Reg,Bnk,AllPub,Inside
535454050,1040,87500,90,RL,NA,8544,Pave,NA,Reg,Lvl,AllPub,Inside
527140090,1337,180000,120,RL,41,5395,Pave,NA,IR1,HLS,AllPub,Inside
531452070,1332,145000,120,RL,50,7175,Pave,NA,Reg,Lvl,AllPub,Inside
527357020,1220,170000,20,RL,128,13001,Pave,NA,IR1,Lvl,AllPub,Inside
907131070,1425,193000,20,RL,NA,8685,Pave,NA,IR1,Lvl,AllPub,CulDSac
923225510,874,126500,20,RL,58,10172,Pave,NA,IR1,Lvl,AllPub,Inside
902301080,1284,110000,50,RM,50,3500,Pave,Grvl,Reg,Lvl,AllPub,Inside
528166060,2392,386250,20,RL,103,13472,Pave,NA,Reg,Lvl,AllPub,Inside
921126030,1728,298751,20,RL,79,11449,Pave,NA,IR1,HLS,AllPub,Inside
909275040,1603,138000,70,RL,NA,9650,Pave,NA,IR1,HLS,AllPub,Corner
903452090,1330,116500,70,RM,60,7518,Pave,NA,Reg,Lvl,AllPub,FR3
528458180,1448,238500,20,FV,75,7500,Pave,NA,Reg,Lvl,AllPub,Inside
906477110,1052,155000,80,RL,80,8816,Pave,NA,Reg,Lvl,AllPub,Inside
534403370,1445,158000,80,RL,NA,12095,Pave,NA,IR1,Lvl,AllPub,Corner
531375110,1114,159000,20,RL,66,13695,Pave,NA,Reg,Lvl,AllPub,Inside
531385020,1434,189000,20,RL,65,8529,Pave,NA,IR1,Lvl,AllPub,Inside
902110120,1951,111500,190,RM,56,7745,Pave,Grvl,Reg,Lvl,AllPub,Inside
905475520,943,80000,30,RL,NA,11515,Pave,NA,IR1,Lvl,AllPub,CulDSac
909252110,1680,177000,70,RL,63,15576,Pave,NA,Reg,Lvl,AllPub,Inside
907285050,1716,191000,60,RL,70,8750,Pave,NA,Reg,Lvl,AllPub,Inside
526353030,2110,244000,20,RL,93,11160,Pave,NA,Reg,Lvl,AllPub,Corner
533221030,1512,168500,160,FV,NA,2117,Pave,NA,Reg,Lvl,AllPub,Inside
905104090,894,125000,20,RL,99,7094,Pave,NA,IR1,Lvl,AllPub,Inside
907420060,1491,168675,60,RL,64,8333,Pave,NA,Reg,Lvl,AllPub,Inside
907285040,2090,240000,60,RL,80,10000,Pave,NA,Reg,Lvl,AllPub,Inside
903206120,2068,209500,75,RL,NA,7793,Pave,NA,IR1,Bnk,AllPub,Corner
907203010,864,128500,20,RL,120,9560,Pave,NA,IR1,Lvl,AllPub,Corner
905100060,999,130000,190,RL,75,11235,Pave,NA,Reg,Lvl,AllPub,Inside
905478030,1716,131000,50,RL,60,11409,Pave,NA,Reg,Lvl,AllPub,Inside
907262020,1729,200000,60,RL,65,8158,Pave,NA,Reg,Lvl,AllPub,Inside
534252040,1344,144000,20,RL,NA,9503,Pave,NA,Reg,Lvl,AllPub,Inside
532477030,1430,192000,20,RL,95,19508,Pave,NA,Reg,Lvl,AllPub,Inside
902109130,1701,94550,190,RM,63,7627,Pave,NA,Reg,Lvl,AllPub,Corner
534202160,1232,142250,20,RL,80,9600,Pave,NA,Reg,Lvl,AllPub,Inside
528390100,2448,402000,60,RL,52,46589,Pave,NA,IR2,Lvl,AllPub,CulDSac
907262030,1768,224900,60,RL,65,8158,Pave,NA,Reg,Lvl,AllPub,Inside
535453200,1148,132500,20,RL,70,7931,Pave,NA,Reg,Lvl,AllPub,Inside
923205015,1344,166500,20,RL,NA,11875,Pave,NA,Reg,Lvl,AllPub,Inside
907192040,1842,217500,60,RL,NA,8826,Pave,NA,Reg,Lvl,AllPub,Inside
528172060,1606,255900,20,RL,70,9658,Pave,NA,IR1,Lvl,AllPub,Inside
916382110,1641,316500,20,RL,79,14463,Pave,NA,IR1,HLS,AllPub,Corner
905451390,1626,154000,50,RL,70,10512,Pave,NA,Reg,Lvl,AllPub,Inside
907125020,914,148000,85,RL,57,8846,Pave,NA,IR1,Lvl,AllPub,CulDSac
535456100,825,109500,20,RL,60,7200,Pave,NA,Reg,Lvl,AllPub,Inside
534479300,936,121000,20,RL,82,9888,Pave,NA,Reg,Lvl,AllPub,Inside
903400040,1824,180500,70,RL,60,13515,Pave,Pave,Reg,Lvl,AllPub,Inside
910202030,816,75200,30,RM,46,3672,Pave,NA,Reg,Lvl,AllPub,Inside
916475020,1629,270000,20,RL,85,14536,Pave,NA,Reg,Lvl,AllPub,Inside
906392070,1232,194500,20,RL,64,7314,Pave,NA,Reg,Lvl,AllPub,Inside
528138010,1808,324000,20,RL,102,13514,Pave,NA,IR1,Lvl,AllPub,Corner
528114010,1868,415000,20,RL,120,14780,Pave,NA,IR1,HLS,AllPub,Corner
907200190,1025,153500,80,RL,59,8660,Pave,NA,IR1,Lvl,AllPub,Inside
908178050,2314,229000,60,RL,90,11060,Pave,NA,IR1,Lvl,AllPub,Corner
905225080,2287,225000,50,RL,81,15593,Pave,NA,Reg,Lvl,AllPub,Corner
907135230,990,156000,20,RL,43,13568,Pave,NA,IR2,Lvl,AllPub,CulDSac
535126010,2142,193500,60,RL,100,13000,Pave,NA,Reg,Lvl,AllPub,Corner
527328010,1102,169000,85,RL,NA,10464,Pave,NA,IR1,Lvl,AllPub,FR3
907290180,848,144000,120,RM,NA,4435,Pave,NA,Reg,Lvl,AllPub,Inside
902109120,1656,119164,50,RM,63,7628,Pave,NA,Reg,Lvl,AllPub,Inside
533352150,1620,150000,20,RL,NA,9991,Pave,NA,IR1,Lvl,AllPub,Corner
916455120,1440,232500,20,RL,82,11202,Pave,NA,IR1,Lvl,AllPub,Inside
909275050,1502,149000,70,RL,60,7200,Pave,NA,Reg,HLS,AllPub,Inside
533242080,1358,204000,20,FV,73,7321,Pave,Pave,IR1,Lvl,AllPub,Inside
907185060,1682,200500,60,RL,70,8750,Pave,NA,Reg,Lvl,AllPub,Inside
908154080,3820,284700,20,RL,123,47007,Pave,NA,IR1,Lvl,AllPub,Inside
906426060,2144,277000,50,RL,NA,159000,Pave,NA,IR2,Low,AllPub,CulDSac
904351240,1112,63000,50,RL,60,9780,Pave,NA,Reg,Lvl,AllPub,Inside
534400290,1313,153000,20,RL,85,9350,Pave,NA,Reg,Lvl,AllPub,Inside
527225035,1752,164000,50,RL,152,12134,Pave,NA,IR1,Bnk,AllPub,Inside
533221080,1524,166000,160,FV,NA,2998,Pave,NA,Reg,Lvl,AllPub,Inside
902106120,1022,89500,30,RM,56,4480,Pave,NA,Reg,Lvl,AllPub,Corner
913350030,1625,242500,20,RL,69,23580,Pave,NA,IR1,Lvl,AllPub,Inside
535354260,1728,156000,50,RL,NA,12099,Pave,NA,IR1,Lvl,AllPub,Inside
532378070,935,137000,20,RL,NA,13526,Pave,NA,IR1,Lvl,AllPub,CulDSac
528365070,2646,260000,60,RL,90,9900,Pave,NA,Reg,Low,AllPub,Inside
908102060,640,84900,30,RL,67,8777,Pave,NA,Reg,Lvl,AllPub,Inside
534455030,1496,141500,20,RL,80,9600,Pave,NA,Reg,Lvl,AllPub,Inside
527302175,1586,181000,20,RL,48,17043,Pave,NA,IR1,Lvl,AllPub,CulDSac
534431070,1556,172500,50,RL,120,17360,Pave,NA,Reg,Lvl,AllPub,Corner
923425030,887,124500,20,RL,62,10447,Pave,NA,Reg,Lvl,AllPub,Inside
527454050,1322,147000,160,RL,24,2308,Pave,NA,Reg,Lvl,AllPub,Inside
907285010,1939,227000,60,RL,90,11250,Pave,NA,IR1,Lvl,AllPub,Corner
533125080,2683,290000,60,RL,NA,9205,Pave,NA,IR1,Lvl,AllPub,Inside
908204160,1152,82500,90,RL,74,6845,Pave,NA,Reg,Lvl,AllPub,Inside
903201020,1432,149000,30,RL,NA,6615,Pave,NA,Reg,Lvl,AllPub,Inside
908226130,924,80000,190,RL,60,12180,Pave,NA,Reg,Lvl,AllPub,Inside
534177230,1665,227000,60,RL,70,8400,Pave,NA,Reg,Lvl,AllPub,Inside
534450090,334,39300,20,RL,50,5000,Pave,NA,Reg,Low,AllPub,Inside
907410130,1602,293200,20,RL,85,10200,Pave,NA,Reg,Lvl,AllPub,Inside
528240030,1630,189500,60,RL,62,7984,Pave,NA,IR1,Lvl,AllPub,Inside
911104060,572,75000,30,C (all),60,10200,Pave,Grvl,Reg,Lvl,AllPub,Inside
528228455,1220,180000,120,RL,43,3182,Pave,NA,Reg,Lvl,AllPub,Inside
528354100,2125,279500,60,RL,97,10990,Pave,NA,IR1,Lvl,AllPub,CulDSac
527452310,900,123000,85,RL,68,7838,Pave,NA,Reg,Lvl,AllPub,Inside
535353240,1527,152500,60,RL,78,11419,Pave,NA,Reg,Lvl,AllPub,Corner
907252050,1762,222000,60,RL,NA,9930,Pave,NA,IR1,Lvl,AllPub,Inside
909254070,1802,200100,70,RL,54,7588,Pave,NA,Reg,Lvl,AllPub,Inside
1007100110,1836,103000,70,I (all),NA,56600,Pave,NA,IR1,Low,AllPub,Inside
916386040,1442,172500,80,RL,73,9802,Pave,NA,Reg,Lvl,AllPub,Inside
902135020,936,93000,20,RM,60,6000,Pave,Pave,Reg,Bnk,AllPub,Inside
905202190,1830,278000,20,RL,NA,20355,Pave,NA,Reg,Low,AllPub,Inside
902128075,1027,120000,30,RM,60,5400,Pave,NA,Reg,Lvl,AllPub,Inside
533212020,1200,149500,160,FV,24,2544,Pave,Pave,Reg,Lvl,AllPub,Inside
534451150,1306,76500,30,RL,55,5350,Pave,NA,IR1,Lvl,AllPub,Inside
923227080,1404,160000,20,RL,83,13383,Pave,NA,IR1,Lvl,AllPub,Inside
528186080,1684,266000,120,RL,63,8849,Pave,NA,IR1,Lvl,AllPub,Inside
527353020,1671,200000,20,RL,80,10928,Pave,NA,Reg,Lvl,AllPub,Inside
534403440,1440,157500,60,RL,85,9350,Pave,NA,Reg,Lvl,AllPub,Inside
535455060,984,112500,45,RL,64,6390,Pave,NA,Reg,Lvl,AllPub,Corner
527110130,1384,161500,80,RL,56,8872,Pave,NA,IR1,HLS,AllPub,Inside
903454080,1376,119500,50,RM,50,8600,Pave,NA,Reg,Bnk,AllPub,Inside
528250010,1394,165500,80,RL,NA,11950,Pave,NA,IR1,Lvl,AllPub,Corner
527378020,1178,157000,20,RL,80,10000,Pave,NA,Reg,Lvl,AllPub,Inside
908250040,1137,96000,50,RL,57,8050,Pave,NA,Reg,Lvl,AllPub,Inside
533221060,1573,177000,160,FV,24,2117,Pave,NA,Reg,Lvl,AllPub,Inside
534426110,1041,124500,20,RL,80,9600,Pave,NA,Reg,Lvl,AllPub,Corner
526355080,2704,345000,80,RL,75,13860,Pave,NA,Reg,Lvl,AllPub,Inside
533236060,1586,170000,160,FV,24,2645,Pave,Pave,Reg,Lvl,AllPub,Inside
905480150,1096,79000,50,RL,60,9600,Pave,NA,Reg,Lvl,AllPub,Corner
906402070,2062,277000,60,RL,NA,14364,Pave,NA,IR1,Low,AllPub,Inside
905475510,1298,114000,20,RL,NA,11200,Pave,NA,IR1,Lvl,AllPub,CulDSac
528235180,1166,190000,80,RL,59,9587,Pave,NA,IR1,Lvl,AllPub,Inside
534403050,1092,145000,20,RL,75,8250,Pave,NA,Reg,Lvl,AllPub,Inside
909475020,1844,223000,20,RL,NA,16381,Pave,NA,IR1,Lvl,AllPub,Inside
903202120,1577,140200,50,RL,65,6435,Pave,NA,Reg,Lvl,AllPub,Inside
902205140,901,107900,20,RM,50,6000,Pave,NA,Reg,Lvl,AllPub,Corner
907187040,1873,235500,60,RL,47,10820,Pave,NA,IR2,Lvl,AllPub,CulDSac
533223110,1080,139000,160,FV,NA,4447,Pave,NA,IR1,Lvl,AllPub,FR2
535476240,1045,127000,20,RL,80,7936,Pave,NA,Reg,Lvl,AllPub,Inside
527425140,864,120500,20,RL,60,9000,Pave,NA,Reg,Lvl,AllPub,FR2
528240150,1594,195500,60,RL,61,10125,Pave,NA,IR1,Lvl,AllPub,Inside
535152280,1364,132000,20,RL,70,8400,Pave,NA,Reg,Lvl,AllPub,Corner
535377100,720,86900,50,RL,60,7008,Pave,NA,Reg,Lvl,AllPub,Corner
528482040,1662,291000,20,FV,85,10625,Pave,NA,Reg,Lvl,AllPub,Inside
528382030,1839,221000,60,RL,58,16770,Pave,NA,IR2,Lvl,AllPub,CulDSac
535126100,1392,110000,20,RL,120,13560,Pave,NA,Reg,Lvl,AllPub,Corner
534104100,1812,205000,60,FV,NA,7500,Pave,NA,Reg,Lvl,AllPub,Inside
905225020,2654,158000,60,RL,99,16779,Pave,NA,Reg,Lvl,AllPub,Inside
909278020,1343,154900,50,RL,54,7681,Pave,NA,IR1,Lvl,AllPub,FR2
905228050,660,63900,20,RL,NA,9000,Pave,NA,Reg,Lvl,AllPub,Corner
906201021,1061,162000,80,RL,74,10778,Pave,NA,IR1,Lvl,AllPub,Inside
527354160,2044,185000,60,RL,80,10400,Pave,NA,Reg,Lvl,AllPub,Inside
527376100,1350,165000,20,RL,78,10140,Pave,NA,Reg,Lvl,AllPub,Inside
910205020,1192,78000,70,RM,60,6402,Pave,NA,Reg,Lvl,AllPub,Corner
528221050,1326,203000,20,RL,88,12216,Pave,NA,IR1,Lvl,AllPub,Corner
903225050,784,109500,45,RM,50,6130,Pave,NA,Reg,Lvl,AllPub,Inside
905426010,2158,243000,20,RL,84,12615,Pave,NA,Reg,Lvl,AllPub,Corner
905101300,1832,136000,90,RL,72,10773,Pave,NA,Reg,Lvl,AllPub,Inside
907412010,1720,196500,60,RL,89,11645,Pave,NA,IR1,Lvl,AllPub,Corner
907275080,1592,228000,20,RL,73,11927,Pave,NA,Reg,Lvl,AllPub,Inside
528176010,2696,500000,20,RL,110,14300,Pave,NA,Reg,HLS,AllPub,Inside
903457040,2180,161000,50,RM,60,10320,Pave,Grvl,Reg,Lvl,AllPub,Inside
526302040,1024,157500,20,RL,85,10533,Pave,NA,IR1,Lvl,AllPub,Inside
534455080,1433,161000,20,RL,80,9600,Pave,NA,Reg,Lvl,AllPub,Inside
528228290,1555,174000,120,RL,53,3684,Pave,NA,Reg,Lvl,AllPub,Inside
535151110,1053,142100,20,RL,60,8250,Pave,NA,Reg,Lvl,AllPub,Corner
908225370,1529,98000,50,RL,50,8405,Pave,NA,Reg,Lvl,AllPub,Inside
908128110,1656,165400,60,RL,60,6931,Pave,NA,Reg,Lvl,AllPub,Inside
528150120,2468,354000,60,RL,99,12099,Pave,NA,IR1,Lvl,AllPub,Inside
914478100,1026,143000,85,RL,82,8410,Pave,NA,IR1,Lvl,AllPub,Corner
909100150,1292,108000,30,RL,67,5142,Pave,NA,Reg,Lvl,AllPub,Inside
904100160,1271,135000,50,RL,115,21286,Pave,NA,Reg,Lvl,AllPub,Inside
903401030,1716,162500,50,RL,60,9144,Pave,Pave,Reg,Lvl,AllPub,Inside
531363030,1141,152000,20,RL,63,7500,Pave,NA,Reg,Lvl,AllPub,Inside
528114040,1950,383000,20,RL,104,14418,Pave,NA,IR1,Lvl,AllPub,Inside
907414070,1190,173500,20,RL,65,8769,Pave,NA,Reg,Lvl,AllPub,FR2
907254090,2031,222500,60,RL,75,11404,Pave,NA,IR1,Lvl,AllPub,Inside
528280100,1886,199900,60,RL,NA,11214,Pave,NA,IR1,Lvl,AllPub,Corner
907175080,1418,226001,20,RL,NA,8696,Pave,NA,IR1,Lvl,AllPub,Inside
531376010,1640,173000,60,RL,65,8366,Pave,NA,IR1,Lvl,AllPub,Inside
535325280,1360,130000,80,RL,60,7134,Pave,NA,Reg,Bnk,AllPub,Inside
533236040,1441,174000,160,FV,24,2645,Pave,Pave,Reg,Lvl,AllPub,Inside
528231030,1119,188500,80,RL,65,16219,Pave,NA,IR2,Lvl,AllPub,Inside
535454150,1320,138000,50,RL,60,8064,Pave,NA,Reg,Lvl,AllPub,Inside
527402130,936,111900,20,RL,68,10295,Pave,NA,Reg,Lvl,AllPub,FR2
534479140,1644,146500,70,RL,79,9480,Pave,NA,Reg,Lvl,AllPub,Inside
528354110,2398,315750,60,RL,95,11787,Pave,NA,IR1,Lvl,AllPub,Inside
527302080,2183,229000,50,RL,NA,13837,Pave,NA,IR1,Lvl,AllPub,Corner
902207140,720,105900,30,RM,60,8520,Pave,NA,Reg,Lvl,AllPub,Inside
532377060,900,122000,20,RL,NA,9819,Pave,NA,IR1,Lvl,AllPub,Inside
909276110,1494,177500,70,RL,NA,7500,Pave,NA,IR1,Bnk,AllPub,Inside
528439010,1460,247000,20,RL,87,10037,Pave,NA,Reg,Lvl,AllPub,Corner
909425270,1740,219500,70,RL,75,13125,Pave,NA,Reg,Lvl,AllPub,Inside
534127080,2411,240050,60,RL,80,8000,Pave,NA,Reg,Lvl,AllPub,Inside
907255020,2263,287000,60,RL,NA,9240,Pave,NA,Reg,Lvl,AllPub,Inside
533120030,2810,302000,60,RL,NA,9572,Pave,NA,IR1,Lvl,AllPub,Inside
527450460,1030,116000,160,RM,21,1890,Pave,NA,Reg,Lvl,AllPub,Inside
908225240,948,111000,20,RL,75,10215,Pave,NA,Reg,Bnk,AllPub,Inside
527425025,914,128000,20,RL,NA,17199,Pave,NA,Reg,Lvl,AllPub,FR2
535101150,1560,126000,90,RL,63,8668,Pave,NA,Reg,Lvl,AllPub,Corner
535179020,1580,159500,20,RL,80,10032,Pave,NA,Reg,Lvl,AllPub,Inside
527404050,914,133000,20,RL,66,7920,Pave,NA,Reg,Lvl,AllPub,Inside
533208140,1245,178000,120,FV,37,3435,Pave,Pave,IR1,Lvl,AllPub,Corner
528116030,1850,326000,20,RL,98,16033,Pave,NA,IR1,Lvl,AllPub,FR2
902206220,1633,129000,50,RM,69,11851,Pave,NA,Reg,Lvl,AllPub,Inside
535175050,1215,155000,20,RL,66,12400,Pave,NA,IR1,Lvl,AllPub,Inside
535301010,943,135960,90,RL,NA,7032,Pave,NA,IR1,Lvl,AllPub,Corner
916402215,1256,180000,20,RL,93,18265,Pave,NA,Reg,Lvl,AllPub,Corner
916477060,2486,279900,60,RL,NA,11800,Pave,NA,IR1,Lvl,AllPub,Inside
903206170,1635,210000,50,RL,70,8737,Pave,NA,IR1,Bnk,AllPub,Inside
909101070,864,58500,30,RL,45,8212,Pave,Grvl,Reg,Lvl,AllPub,Inside
535151040,1144,150000,20,RL,73,8760,Pave,NA,Reg,Lvl,AllPub,Inside
902207220,3493,295000,75,RM,87,18386,Pave,NA,Reg,Lvl,AllPub,Inside
534278170,964,137500,20,RL,76,8243,Pave,NA,IR1,Lvl,AllPub,CulDSac
527355280,1686,207500,20,RL,79,10240,Pave,NA,Reg,Lvl,AllPub,Inside
916455170,1894,214900,60,RL,80,11316,Pave,NA,Reg,Lvl,AllPub,Corner
914460110,1409,245000,20,RL,44,12864,Pave,NA,IR1,Lvl,AllPub,CulDSac
526354070,2112,206900,60,RL,85,11075,Pave,NA,Reg,Lvl,AllPub,Inside
527302060,1479,176000,60,RL,78,12090,Pave,NA,Reg,Lvl,AllPub,Inside
535379100,1130,120000,30,RL,60,10800,Pave,Grvl,Reg,Lvl,AllPub,Inside
907192130,1494,221000,20,RL,88,12803,Pave,NA,IR1,Lvl,AllPub,Inside
906424010,1511,225000,80,RL,NA,11454,Pave,NA,IR2,Lvl,AllPub,Corner
908204090,960,131750,20,RL,64,6400,Pave,NA,Reg,Lvl,AllPub,Inside
903234160,986,102000,30,RM,60,6180,Pave,NA,Reg,Lvl,AllPub,Corner
908275220,864,115000,20,RL,60,8172,Pave,NA,Reg,Lvl,AllPub,Inside
535303030,1790,180000,20,RL,95,14250,Pave,NA,Reg,Lvl,AllPub,Inside
535454030,1040,81400,90,RL,60,8544,Pave,NA,Reg,Lvl,AllPub,Corner
903232090,1573,162900,50,RM,52,6240,Pave,NA,Reg,Lvl,AllPub,Inside
909253190,790,91000,30,RL,52,6292,Pave,NA,Reg,Bnk,AllPub,Inside
902205130,960,108500,30,RM,50,6000,Pave,NA,Reg,Lvl,AllPub,Inside
909452102,1680,170000,20,RL,NA,17871,Pave,NA,IR2,Lvl,AllPub,Inside
909426060,2315,257000,60,RL,78,15600,Pave,NA,Reg,Lvl,AllPub,Inside
534401200,1042,161000,80,RL,80,9200,Pave,NA,Reg,Lvl,AllPub,Inside
535103070,1246,172000,80,RL,NA,12700,Pave,NA,IR1,Lvl,AllPub,Inside
535178120,1382,153000,20,RL,70,8750,Pave,NA,Reg,Lvl,AllPub,Inside
908225180,936,97900,50,RL,56,6956,Pave,NA,Reg,Lvl,AllPub,Inside
903206160,1827,202500,70,RL,69,11737,Pave,NA,IR1,Bnk,AllPub,Inside
908128050,1181,137500,85,RL,90,10012,Pave,NA,Reg,Lvl,AllPub,Inside
534252070,1224,103000,90,RL,NA,10899,Pave,NA,IR1,Lvl,AllPub,Inside
531450040,1603,175900,60,RL,65,7153,Pave,NA,Reg,Lvl,AllPub,Inside
910205130,1558,152000,50,RM,75,13710,Pave,NA,Reg,Lvl,AllPub,Inside
905480090,1362,96000,50,RL,50,7550,Pave,NA,Reg,Lvl,AllPub,Inside
905401045,1363,241500,20,RL,73,39104,Pave,NA,IR1,Low,AllPub,CulDSac
908225170,784,91900,190,RL,56,6931,Pave,NA,Reg,Lvl,AllPub,Inside
909101050,1250,116000,50,RL,45,8248,Pave,Grvl,Reg,Lvl,AllPub,Inside
535453040,1027,125900,20,RL,80,8000,Pave,NA,Reg,Lvl,AllPub,Inside
923277080,845,134500,20,RL,60,6600,Pave,NA,Reg,Lvl,AllPub,Inside
535380140,1436,139000,50,RL,60,10836,Pave,Grvl,Reg,Lvl,AllPub,Inside
533242030,1568,221000,20,FV,60,7180,Pave,Pave,IR1,Lvl,AllPub,Inside
902109110,2082,200000,50,RM,63,11426,Pave,NA,Reg,Lvl,AllPub,Inside
535402330,2634,200000,90,RL,91,11643,Pave,NA,Reg,Lvl,AllPub,Inside
535426195,1600,207500,20,RL,47,16321,Pave,NA,IR1,Lvl,AllPub,CulDSac
923400110,1287,130000,60,RL,62,10429,Pave,NA,Reg,Lvl,AllPub,Inside
528120020,1717,255500,20,RL,87,11146,Pave,NA,IR1,Lvl,AllPub,Inside
535304170,1040,136000,20,RL,68,7942,Pave,NA,Reg,Lvl,AllPub,Inside
908275110,1560,103500,20,RL,70,11767,Pave,NA,Reg,Lvl,AllPub,Inside
531363040,1143,147000,20,RL,63,7500,Pave,NA,Reg,Lvl,AllPub,Inside
534451020,670,64000,50,RL,51,3500,Pave,NA,Reg,Lvl,AllPub,Inside
905105190,899,130000,20,RL,65,7800,Pave,NA,Reg,Lvl,AllPub,Inside
902306130,1378,161000,70,RM,60,9600,Pave,NA,Reg,Lvl,AllPub,Inside
527105030,1604,195500,60,RL,78,9978,Pave,NA,IR1,Lvl,AllPub,Inside
528315080,2234,300000,60,RL,83,9545,Pave,NA,Reg,Lvl,AllPub,Corner
902204080,861,80000,30,RM,62,7404,Pave,NA,Reg,Lvl,AllPub,Corner
907135170,990,138000,20,RL,60,8072,Pave,NA,Reg,Lvl,AllPub,Inside
535451230,1048,98300,20,RL,60,7200,Pave,NA,Reg,Lvl,AllPub,Inside
527145090,1280,180000,120,RL,39,5070,Pave,NA,IR1,HLS,AllPub,Inside
902326060,1912,163000,190,RM,60,10800,Pave,Pave,Reg,Lvl,AllPub,Inside
527353080,1725,197000,60,RL,80,11584,Pave,NA,Reg,Lvl,AllPub,Inside
527452070,1069,146300,120,RL,53,4043,Pave,NA,Reg,Lvl,AllPub,Inside
535327140,827,107500,20,RL,60,7200,Pave,NA,Reg,Lvl,AllPub,Inside
534177210,1242,175500,20,RL,80,9600,Pave,NA,Reg,Lvl,AllPub,Inside
528290170,1690,187000,60,RL,58,9487,Pave,NA,IR1,Lvl,AllPub,Inside
910226060,1638,139000,50,RM,75,9060,Pave,NA,Reg,Lvl,AllPub,Inside
535175180,1206,108538,20,RL,87,10725,Pave,NA,IR1,Lvl,AllPub,Inside
916386060,1444,174000,60,RL,73,9802,Pave,NA,Reg,Lvl,AllPub,Inside
534152100,1714,196500,60,RL,80,10421,Pave,NA,Reg,Lvl,AllPub,Inside
531385060,1677,190500,60,RL,65,8450,Pave,NA,Reg,Lvl,AllPub,Inside
923230190,874,130000,20,RL,50,6953,Pave,NA,Reg,Lvl,AllPub,Inside
905476230,1049,139500,120,RL,42,4235,Pave,NA,Reg,Lvl,AllPub,Inside
902405100,1869,124900,50,RM,98,8820,Pave,NA,Reg,Lvl,AllPub,Corner
533223010,1452,183900,160,FV,35,3735,Pave,NA,Reg,Lvl,AllPub,FR3
528386040,3238,410000,50,RL,56,14720,Pave,NA,IR1,Lvl,AllPub,CulDSac
533208090,1680,190000,160,FV,39,3515,Pave,Pave,Reg,Lvl,AllPub,Inside
528181080,1370,202500,120,RL,44,6442,Pave,NA,IR1,Lvl,AllPub,Inside
527106010,2236,222000,60,RL,NA,13006,Pave,NA,IR1,Lvl,AllPub,Corner
909257050,2080,234000,70,RL,53,10918,Pave,NA,Reg,Lvl,AllPub,Inside
528235020,1515,179000,60,RL,80,9024,Pave,NA,IR1,Lvl,AllPub,Inside
528168040,2374,285000,60,RL,93,11999,Pave,NA,Reg,Lvl,AllPub,Inside
923400125,970,132000,85,RL,62,10441,Pave,NA,Reg,Lvl,AllPub,Inside
531379050,2122,220000,60,RL,43,11492,Pave,NA,IR1,Lvl,AllPub,CulDSac
905480180,1340,120000,20,RL,60,9060,Pave,NA,Reg,Lvl,AllPub,Inside
906380160,1240,194000,20,RL,74,8556,Pave,NA,Reg,Lvl,AllPub,Inside
531380110,1721,201000,60,RL,70,8462,Pave,NA,IR1,Lvl,AllPub,Inside
905427140,1560,182000,80,RL,78,11679,Pave,NA,IR1,Lvl,AllPub,Inside
903426160,1984,160000,60,RM,57,8094,Pave,Grvl,Reg,Lvl,AllPub,Inside
902107030,1456,139500,75,RM,60,6000,Pave,NA,Reg,Lvl,AllPub,Inside
527163080,1187,160000,20,RL,NA,9556,Pave,NA,IR1,Lvl,AllPub,Corner
907410050,1797,213500,60,RL,79,9245,Pave,NA,IR1,Lvl,AllPub,Inside
532378180,912,123000,20,RL,65,7150,Pave,NA,Reg,Lvl,AllPub,Inside
906380030,1615,248500,20,RL,65,9345,Pave,NA,IR1,Lvl,AllPub,Inside
535425010,2978,242000,80,RL,96,11275,Pave,NA,Reg,Lvl,AllPub,Corner
909131170,1482,140000,70,RH,NA,12155,Pave,NA,IR1,Lvl,AllPub,Inside
907251100,1989,255000,60,RL,90,11367,Pave,NA,Reg,Lvl,AllPub,Corner
909277090,1273,155000,20,RL,80,14680,Pave,Grvl,IR1,HLS,AllPub,Inside
907412070,1436,210000,20,RL,65,8450,Pave,NA,Reg,Lvl,AllPub,Inside
906425045,1445,138500,50,RL,82,14235,Pave,NA,IR1,Lvl,AllPub,Inside
535301170,1297,153000,20,RL,74,8532,Pave,NA,Reg,Lvl,AllPub,Inside
528250020,1489,192000,60,RL,NA,8965,Pave,NA,IR1,Lvl,AllPub,Inside
527402090,1109,139000,80,RL,70,10500,Pave,NA,Reg,Lvl,AllPub,FR2
528376010,2538,330000,60,RL,82,9044,Pave,NA,IR1,Lvl,AllPub,Inside
531450090,1294,179200,20,RL,NA,7153,Pave,NA,Reg,Lvl,AllPub,Inside
532478020,2014,275000,20,RL,NA,15676,Pave,NA,IR1,Low,AllPub,Inside
908103280,1127,135000,20,RL,65,6500,Pave,NA,Reg,Lvl,AllPub,Inside
903484020,1469,135000,50,RM,60,10320,Pave,Grvl,Reg,Lvl,AllPub,Inside
528172070,1721,232698,20,RL,71,9254,Pave,NA,IR1,Lvl,AllPub,Inside
906204150,2329,262280,60,RL,86,11839,Pave,NA,Reg,Lvl,AllPub,Inside
535425070,1478,157500,20,RL,NA,17600,Pave,NA,IR1,Lvl,AllPub,Inside
903475040,1382,128500,50,RM,NA,12358,Pave,NA,IR1,Lvl,AllPub,Inside
528188150,1626,154000,160,RL,36,2448,Pave,NA,Reg,Lvl,AllPub,Inside
527450250,987,100000,160,RM,21,1680,Pave,NA,Reg,Lvl,AllPub,Inside
905452140,1855,136900,50,RL,75,9525,Pave,NA,Reg,Lvl,AllPub,Inside
906223060,1775,213000,60,RL,75,9317,Pave,NA,Reg,Lvl,AllPub,Inside
911370530,1646,300000,120,RM,44,3842,Pave,NA,IR1,HLS,AllPub,Inside
910200060,1285,145400,50,RM,50,7000,Pave,NA,Reg,Lvl,AllPub,Inside
533253060,788,155000,120,RL,30,4420,Pave,NA,IR1,Lvl,AllPub,CulDSac
909451180,1229,124000,160,RM,24,1300,Pave,NA,Reg,Lvl,AllPub,Inside
916403250,1479,213500,80,RL,125,14419,Pave,NA,IR1,Lvl,AllPub,Corner
528490040,1553,234500,20,FV,68,8736,Pave,NA,IR1,Lvl,AllPub,Inside
903425245,2019,167500,70,RL,60,11414,Pave,NA,IR1,Lvl,AllPub,Corner
528218150,1324,199500,20,RL,100,18494,Pave,NA,IR1,Lvl,AllPub,Corner
527451330,1092,105500,160,RM,21,1680,Pave,NA,Reg,Lvl,AllPub,Inside
532354070,999,132500,20,RL,NA,7758,Pave,NA,IR1,Lvl,AllPub,Corner
906201030,1732,178000,60,RL,77,9206,Pave,NA,Reg,Lvl,AllPub,Inside
903476100,840,87000,45,RM,55,4388,Pave,NA,IR1,Bnk,AllPub,Inside
914476450,1689,228500,20,RL,74,9990,Pave,NA,Reg,Lvl,AllPub,Inside
906382020,1546,217000,20,RL,75,11750,Pave,NA,IR1,Lvl,AllPub,Inside
910204050,2168,123000,70,RM,50,8660,Pave,NA,Reg,Bnk,AllPub,Inside
528431070,1658,257500,20,RL,78,10206,Pave,NA,Reg,Lvl,AllPub,Inside
528292020,2035,222500,60,RL,NA,9505,Pave,NA,IR1,Lvl,AllPub,CulDSac
903233050,1513,137500,70,RM,51,6120,Pave,NA,Reg,Lvl,AllPub,Inside
903201080,1548,205000,50,RL,55,7264,Pave,NA,Reg,Lvl,AllPub,Inside
534250370,2715,299800,60,RL,NA,8963,Pave,NA,IR1,Lvl,AllPub,Inside
908152290,1408,171500,60,RL,60,7023,Pave,NA,Reg,Lvl,AllPub,Inside
903225090,1664,159000,50,RM,50,5000,Pave,NA,Reg,Lvl,AllPub,Corner
907425030,848,149000,120,RM,NA,4438,Pave,NA,Reg,Lvl,AllPub,Inside
905107140,1285,143500,20,RL,71,8197,Pave,NA,Reg,Lvl,AllPub,Inside
905476120,1367,119000,50,RL,50,8405,Pave,Grvl,Reg,Lvl,AllPub,Inside
907290240,848,143000,120,RM,NA,4426,Pave,NA,Reg,Lvl,AllPub,Inside
903225040,1274,135000,50,RM,50,6125,Pave,NA,Reg,Lvl,AllPub,Inside
528363070,2494,321000,60,RL,NA,10236,Pave,NA,IR1,Lvl,AllPub,Inside
528366070,2202,263000,60,RL,88,11762,Pave,NA,Reg,Lvl,AllPub,Inside
909250070,1479,160000,70,RL,43,7000,Pave,NA,Reg,Lvl,AllPub,Inside
531453040,1564,171000,60,RL,70,8400,Pave,NA,Reg,Lvl,AllPub,Inside
902402010,1236,149700,20,RM,90,7407,Pave,NA,Reg,Lvl,AllPub,Inside
909276010,1517,230000,70,RL,NA,11435,Pave,NA,IR1,HLS,AllPub,Corner
908203100,960,90000,20,RL,64,6410,Pave,NA,Reg,HLS,AllPub,Inside
532378130,912,124000,20,RL,NA,8020,Pave,NA,IR1,Lvl,AllPub,Inside
528385050,2061,260000,60,RL,79,9085,Pave,NA,Reg,Lvl,AllPub,Inside
907227090,864,119900,20,RL,60,7200,Pave,NA,Reg,Low,AllPub,Inside
914467050,1820,213000,60,RL,NA,11050,Pave,NA,Reg,Lvl,AllPub,Inside
535151130,1190,132500,90,RL,70,7728,Pave,NA,Reg,Lvl,AllPub,Inside
528188090,1626,155000,160,RL,36,2448,Pave,NA,Reg,Lvl,AllPub,Inside
528112150,1634,250000,20,RL,98,11428,Pave,NA,IR1,Lvl,AllPub,Inside
528174070,1306,184500,120,RL,34,5122,Pave,NA,IR1,Lvl,AllPub,Inside
910200080,919,126000,30,RM,50,7000,Pave,NA,Reg,Lvl,AllPub,Inside
528228450,1504,181000,120,RL,43,3182,Pave,NA,Reg,Lvl,AllPub,Inside
902205020,1141,85000,50,RM,50,5925,Pave,NA,Reg,Lvl,AllPub,Inside
908151050,1426,159500,60,RL,75,7950,Pave,NA,IR1,Bnk,AllPub,Corner
534176140,1093,158500,20,RL,88,10738,Pave,NA,IR1,Lvl,AllPub,Corner
903425110,1710,140000,70,RM,50,10300,Pave,NA,IR1,Bnk,AllPub,Inside
528363110,2113,350000,20,RL,91,10437,Pave,NA,IR1,Lvl,AllPub,Inside
531384030,1657,189000,60,RL,43,14565,Pave,NA,IR2,Lvl,AllPub,CulDSac
907192150,1668,180000,60,RL,72,11317,Pave,NA,Reg,Lvl,AllPub,Inside
528439040,1538,260000,20,RL,74,8847,Pave,NA,Reg,Lvl,AllPub,Inside
527212060,2541,349265,60,RL,98,12328,Pave,NA,IR1,Lvl,AllPub,Inside
907405130,1337,185000,20,RL,65,8450,Pave,NA,Reg,Lvl,AllPub,Inside
923203090,1216,164000,120,RM,32,4500,Pave,NA,Reg,Lvl,AllPub,FR2
909250210,1522,102000,50,RL,60,6000,Pave,NA,Reg,Lvl,AllPub,Inside
534477270,1661,165500,80,RL,80,9600,Pave,NA,Reg,Lvl,AllPub,Inside
534250300,1993,190000,60,RL,NA,14803,Pave,NA,IR1,Lvl,AllPub,CulDSac
535380010,1595,155500,70,RL,60,7200,Pave,Grvl,Reg,Lvl,AllPub,Inside
907290070,1212,178000,20,RL,70,9100,Pave,NA,Reg,Lvl,AllPub,Inside
528477070,1795,270000,60,FV,84,10603,Pave,NA,Reg,Lvl,AllPub,Inside
903233220,1324,110000,50,RM,51,6120,Pave,NA,Reg,Lvl,AllPub,Inside
527404030,1050,143000,20,RL,NA,8510,Pave,NA,IR1,Lvl,AllPub,Inside
535304020,1008,139500,20,RL,66,12778,Pave,NA,Reg,Lvl,AllPub,Inside
527302210,1782,220000,20,RL,85,14450,Pave,NA,Reg,Lvl,AllPub,Inside
908201040,698,118000,20,RL,50,9405,Pave,NA,Reg,Lvl,AllPub,Inside
535151020,936,141000,20,RL,73,8760,Pave,NA,Reg,Lvl,AllPub,Inside
923277030,816,130500,20,RL,60,6600,Pave,NA,Reg,Lvl,AllPub,Inside
902125120,1047,100000,30,RM,60,10800,Pave,Grvl,Reg,Lvl,AllPub,Inside
535450190,924,122900,50,RL,60,8064,Pave,NA,Reg,Lvl,AllPub,Corner
527402060,1054,151000,20,RL,65,9750,Pave,NA,Reg,Lvl,AllPub,FR2
908102170,1196,144000,20,RL,60,10044,Pave,NA,IR1,Low,AllPub,CulDSac
532353120,894,120750,20,RL,64,6285,Pave,NA,Reg,Lvl,AllPub,Inside
909252020,1135,155000,70,RL,60,7200,Pave,NA,Reg,Lvl,AllPub,Inside
916455070,1296,220000,20,RL,NA,6853,Pave,NA,IR1,Lvl,AllPub,Inside
907410100,1611,195800,60,RL,70,8400,Pave,NA,Reg,Lvl,AllPub,Inside
528150040,1802,372000,20,RL,94,13615,Pave,NA,IR1,HLS,AllPub,Corner
904101170,1588,134432,50,RL,80,17120,Pave,NA,Reg,Lvl,AllPub,Inside
534175080,1680,213250,20,RL,78,10140,Pave,NA,Reg,Lvl,AllPub,Inside
535402090,1380,154000,20,RL,83,10143,Pave,NA,Reg,Lvl,AllPub,Inside
902406070,1521,146500,70,RM,60,9720,Pave,Grvl,Reg,Lvl,AllPub,Inside
534175100,1334,164500,20,RL,78,10140,Pave,NA,Reg,Lvl,AllPub,Inside
909276210,1755,188000,50,RL,110,7810,Pave,NA,IR1,HLS,AllPub,Inside
905477010,1124,93000,20,RL,77,8335,Pave,NA,Reg,Lvl,AllPub,Corner
528427070,1933,214000,60,RL,86,14598,Pave,NA,IR1,Lvl,AllPub,CulDSac
906204230,1802,218000,60,RL,87,12361,Pave,NA,IR1,Lvl,AllPub,CulDSac
535401080,1287,162000,20,RL,NA,9830,Pave,NA,IR1,Lvl,AllPub,Corner
535426260,1253,157000,20,RL,NA,10920,Pave,NA,IR1,Lvl,AllPub,Corner
534477090,1337,141500,20,RL,80,9600,Pave,NA,Reg,Lvl,AllPub,Inside
909178160,1489,139500,50,RL,60,9900,Pave,NA,Reg,Lvl,AllPub,Inside
